avg_accX,min_accX,max_accX,var_accX,std_accX,avg_accY,min_accY,max_accY,var_accY,std_accY,avg_accZ,min_accZ,max_accZ,var_accZ,std_accZ,avg_magnitude,min_magnitude,max_magnitude,var_magnitude,std_magnitude,var_pressure,range_pressure,std_pressure,slope_pressure,kurtosis_pressure,skew_pressure,Label
-0.7624900973531887,-1.40466308593,-0.03637695312,0.15769841585378505,0.39660575383698987,0.5015199622297194,0.03479003906,1.16674804687,0.11904181403088891,0.34458400417586327,0.0008803387072449007,-0.54846191406,0.36804199218,0.046917324609909515,0.21632761626138539,1.0631833854375765,0.59428378003,1.47421407895,0.02545211132539651,0.15933355726266385,0.024471208669176986,0.7382212531099412,0.15623310185888745,-0.0005082548820284911,2.9542493161010324,1.693398192536562,Null
-1.13447204589435,-1.53295898437,-0.84350585937,0.024568098768137044,0.15654609072479805,0.19702331542620002,-0.15966796875,0.48315429687,0.020228050253562804,0.14204745730891805,0.09789093017325001,-0.29968261718,0.37316894531,0.018119994059047947,0.13444215884126648,1.171479731780275,0.85195739584,1.53563265894,0.025886450826040047,0.16069142696166136,0.0002652191937511586,0.0845847723900306,0.016265182008412347,3.340303219401736e-05,2.272719965331988,1.4507413612485487,Null
-1.1227722167932002,-1.40881347656,-0.85034179687,0.01731690140725992,0.13142910314592338,0.1705581665007,-0.107421875,0.51684570312,0.023720445076140833,0.15382179287555608,0.10583038329837499,-0.12817382812,0.51818847656,0.013064981269705065,0.11415918191950573,1.155333602281775,0.86996431217,1.45345482108,0.020129271541952147,0.14170020593879626,0.004643297760581736,0.41238384861003397,0.06805651707353441,-0.00014738203649567545,4.368620001981941,1.7448562550457942,Null
0.13637084960794998,-1.53466796875,1.07470703125,0.49277603726696306,0.7011020590283527,0.10080810546750003,-0.84594726562,1.10290527343,0.1915794761474545,0.4371504631783957,-0.5016653442349001,-1.0888671875,0.19641113281,0.136626182562175,0.36916746485270013,1.0220962828143,0.39822017128,1.56319435427,0.05481286290923481,0.23382863544049032,0.00991217896503904,0.4810573408900609,0.09943539871507753,-0.00021996859755605118,-0.32674203809477875,0.3712750595368089,Null
-0.664545540855404,-1.48693847656,1.1005859375,0.5746366466964922,0.7570901822460249,0.2366511797631313,-0.00854492187,0.86340332031,0.030406792952357597,0.17415512660174498,-0.013139512804924246,-0.61181640625,0.39807128906,0.0357126283244441,0.1887390921870305,1.0534655113948233,0.61481587541,1.63520256137,0.02721434002728517,0.16475926968279567,0.0007609950489048908,0.11294328137000775,0.02755128570930836,0.00021187560731946757,-0.15983877789368162,-0.9225317559754256,Null
-0.7648586520876365,-1.69226074218,0.81213378906,0.37916051919228905,0.61495990655888,0.2207573432402078,-0.58093261718,0.90393066406,0.06506887423778336,0.2547545174767821,-0.11719257305197404,-1.12976074218,0.41796875,0.1316512154602015,0.3623662018610648,1.0745048296802857,0.4529269542,1.82197425369,0.06730198082161434,0.25908911687258873,0.005671505805903439,0.4492839289799804,0.07521153250660434,-5.838678548524508e-05,1.6204576829129014,0.37440752776823816,Null
-0.10756100171060269,-0.69750976562,0.98889160156,0.24386563986358115,0.4931506005500338,0.6078643380755616,-0.916015625,1.32995605468,0.3014695471419992,0.5483097693614684,-0.1471646243567671,-0.65478515625,0.28186035156,0.05216265057552056,0.22807836198131723,0.9924516761460822,0.63438749348,1.42827725819,0.01366381207629817,0.11673207346192079,0.01482934947892891,0.5833273156400764,0.1216088858767817,0.0002607231539688708,1.1459242855739955,0.9492956878696017,lift down
-0.4707453395142075,-1.47534179687,0.88098144531,0.2080803250159297,0.45550046092250007,0.7350754091955619,-0.00476074218,1.41052246093,0.09859281180228954,0.3135421545209654,-0.014342382248616716,-0.73803710937,0.81774902343,0.07204395113553475,0.2680230058778775,1.0528483833038618,0.27060939933,1.54547866259,0.031158142220240624,0.17626216072424453,0.013511362849737207,0.7204045012200595,0.11607077670385901,-0.00027037296602275913,2.6461251484584043,-0.5163803139844343,Null
-0.7405029296852058,-1.32666015625,0.91528320312,0.35903471542727766,0.5983132381705578,0.2010336483195588,-0.28955078125,0.71264648437,0.02483659609232974,0.15736437741844078,-0.11241311466220585,-1.15234375,0.18298339843,0.127273169401797,0.3562286296055039,1.0471644392805295,0.71909191457,1.41678113568,0.014526301298226709,0.12034773318448375,0.0086688222557565,0.4529926702900866,0.09296948811147751,0.00019674227173039745,1.596959056992235,1.337325989036702,Null
-0.4137742375720483,-1.13647460937,0.04846191406,0.09501018141604199,0.30777265338365095,0.7113184182006627,0.16296386718,1.09436035156,0.035204141755088514,0.18734488299266955,-0.014500629471415715,-0.93981933593,0.73266601562,0.30293046740081675,0.5495616673622231,1.0486893307016865,0.74225731571,1.35561693244,0.009512758152224075,0.09738637104966691,0.02958914938647631,1.0758609143300646,0.1717557144392615,0.00016842923182515908,9.401937187381094,2.700252195969486,Null
-0.31687730660138036,-0.626953125,0.05114746093,0.009858812896504695,0.09913915038547311,0.7160206426106441,-0.04675292968,1.43225097656,0.0345238679651327,0.1855207981053791,0.2555182521314111,-0.81298828125,0.69738769531,0.3202495590150842,0.5650373424868559,1.0144114170025154,0.5509061604,1.44447820657,0.012909177087648773,0.11344416417306764,0.005777945033885436,0.4581414294500519,0.07589612161443285,-0.0004716661118625307,0.9283741635984466,-0.3243363726003918,lift down
-0.22421561213880878,-0.34826660156,-0.103515625,0.002956244169027742,0.054286065854207394,0.7528477970674607,0.52795410156,0.90173339843,0.002833199127996043,0.053144309441626986,-0.640691201137931,-0.75891113281,-0.52905273437,0.0020853071644826395,0.045593531903416244,1.0168955492637932,0.91468094827,1.11628930458,0.0013152912740419436,0.03621005528722486,0.03154250301150246,0.5402446721700471,0.17732350011128584,0.0018338635625496848,-1.0531035755026121,0.6150132610844117,lift down
-0.7040587586202273,-1.30676269531,-0.01147460937,0.20481489089743113,0.4518295115255604,0.44251043145918834,-0.06616210937,0.89245605468,0.10070189568426183,0.31682004588961027,-0.15469360351493508,-0.66882324218,0.67895507812,0.14659872212765465,0.3822600584034602,1.0729324938468505,0.68414408737,1.33474282615,0.014956352958774444,0.12209747487661633,0.0012254668248259724,0.26989416664002874,0.03494979308141438,7.166594368027765e-05,11.88544507347894,2.720924270969018,Null
-0.9930739389599174,-1.16809082031,-0.89172363281,0.002106700653918576,0.045835543749910175,0.21451352121685952,-0.12414550781,0.4765625,0.0082287467093608,0.09058740522635336,0.09579492994187327,-0.18017578125,0.30297851562,0.004533584592254736,0.06723909114869094,1.0267890309788432,0.94037075788,1.19515548248,0.0019262303449701272,0.04382834613908006,0.0011462385254430191,0.2028548743300007,0.0338094786051892,-2.132259675287127e-05,4.1246771269330935,1.5373302089454415,Null
-1.1271405557912597,-1.67175292968,-0.6484375,0.06823597584773843,0.2608771335289264,0.22787003003700787,-0.08703613281,0.5869140625,0.026628388395351154,0.1629677809021196,0.04825205564944882,-0.18579101562,0.27197265625,0.00883448409948059,0.09386850631160722,1.165442993203412,0.6674321568,1.70373631364,0.07005200999661958,0.26432583387425707,0.00498785141126069,0.24310264362998169,0.07053197812156073,0.0006211474273763764,-1.0440352314993597,0.28528126331184317,stairs down
-1.1609080693461917,-1.798828125,-0.55920410156,0.06160941272911616,0.24787218443691808,0.24037082619613698,-0.11267089843,0.65979003906,0.04250524430140703,0.20588538456455227,0.06682229237819179,-0.109375,0.3369140625,0.008917859383579276,0.09430496748378325,1.2083232796602192,0.56293981629,1.82073842742,0.06280064499509304,0.25025704472294613,0.004623152044304892,0.23731195909010694,0.06790055871876531,0.0006218720953281433,-0.9893632509781178,-0.33293111014654375,stairs down
-0.9042246689502123,-1.701171875,0.85913085937,0.41359254618818736,0.6422581130133389,0.20488384863819628,-0.876953125,1.00268554687,0.09350987987754647,0.3053880204934292,0.01144222998100796,-0.66320800781,0.29077148437,0.030917580832018236,0.17560060174666278,1.1538166332501858,0.62630758593,1.86798030988,0.06520359679586853,0.2550110643839081,0.00154822775649414,0.18641808300003504,0.03929530571925548,7.832192349254212e-05,0.4345656714186896,-0.08716640365355789,stairs down
-1.0369311999442898,-1.78601074218,0.11560058593,0.21741673105345344,0.46562980297464535,0.30198393159994424,-0.35473632812,1.10766601562,0.0775845565758669,0.27815183552316075,-0.02267617568431754,-0.69018554687,0.27478027343,0.04252759083571861,0.205934770206269,1.1915978474089137,0.69710372199,1.8135597896,0.08385164399866987,0.2891678992552188,0.008841790187788452,0.374918368220051,0.0938997403924057,0.0008753747265316263,-0.9948109133513716,0.12086299339948273,stairs down
-0.34126823992542693,-1.15588378906,0.27294921875,0.0839630097932719,0.28936431489731096,0.8432660904098072,0.29187011718,1.35119628906,0.024448410686539614,0.15614435530275433,0.11483117305829202,-0.50903320312,0.75268554687,0.10843505782912176,0.3288409017466477,1.021871567382259,0.6711025233,1.36055810459,0.012810805464729407,0.11302881928791418,0.009143219890686028,0.46504406873998505,0.09548838650381977,5.4895761648400635e-05,4.49103374463089,2.1561043441543393,Null
-0.4894056532096945,-1.63671875,0.88061523437,0.3997428859632358,0.6313734941045454,0.4493218315953611,-0.55041503906,1.51501464843,0.20671183448808172,0.45402382640984495,0.08637356228172222,-0.541015625,0.76550292968,0.14392150461508488,0.37884260934828956,1.0670730943559168,0.19301806294,1.75895779492,0.058678247098950004,0.24189925995777578,0.016848790348538,0.7267721427100469,0.1296224832084519,-0.00023180179091682787,1.8852927348488837,0.5125385651156641,stairs up
-0.9462280273409551,-1.92651367187,1.23107910156,0.6133608631221495,0.7820728478532767,0.2187990338591573,-0.33361816406,0.88781738281,0.0744045724972035,0.27238863942731767,0.061251522449269666,-0.49975585937,0.78356933593,0.07049913333057786,0.2651435499067955,1.2628289049632584,0.3586591557,2.14815929345,0.1057251284143371,0.3246970090970103,0.01119240584224418,0.3338757799600671,0.10564547553014604,-0.0009747066690783071,-1.4446017897579089,-0.05376375657082596,stairs up
-0.7914895450341738,-1.42663574218,0.38232421875,0.37065582148909976,0.6079618161433249,0.34497241279056023,-0.27575683593,1.0859375,0.10675541348832313,0.3262765371837931,0.13585297400086835,-0.77282714843,0.96899414062,0.10968854587714676,0.3307284309646802,1.146446075119944,0.69870250973,1.46074745655,0.03513274758236279,0.18717461506494174,0.006467919032328732,0.29254176619008376,0.08031065690224497,-0.0007337552073863057,-0.6952043048168566,-0.3864947273296567,stairs up
-0.702798564780674,-1.8427734375,1.03625488281,0.6743680010418434,0.8200449432220683,0.3290559575769101,-0.37072753906,0.92895507812,0.08923677245071748,0.2983053927765366,0.03658337539384832,-0.51892089843,0.59606933593,0.08086605936591093,0.28396990600019484,1.1654502932595505,0.40515381299,2.09829631466,0.0876124292779406,0.29557795409757504,0.0004946497327028246,0.13339998313995238,0.022209463459559858,-5.260381955218249e-05,0.9408050618422426,-0.13565584036487763,stairs up
-1.1399252448245916,-1.49816894531,-0.77600097656,0.026055820815666923,0.16119064531576555,0.14124154104107042,-0.39514160156,0.57531738281,0.03492666793858228,0.18662337195130088,0.10041710222067605,-0.14660644531,0.39965820312,0.015283312075412203,0.12345144993924204,1.1743374430947322,0.78169640185,1.49896591026,0.026834535717469382,0.1635816171701812,0.002419100017970323,0.1919556615999909,0.04911502470448854,-0.0004277439849800283,-0.9096392414028607,-0.33211503786543645,stairs up
-1.1032285210772905,-1.43041992187,-0.86535644531,0.01774399252386396,0.1330204055734945,0.14543075135019554,-0.20825195312,0.50256347656,0.023374567901345872,0.15267375613456285,0.06488719066259777,-0.22265625,0.25524902343,0.013656506366712624,0.11669772791654437,1.1307585435251954,0.89554550108,1.44530051973,0.018532567673165395,0.13594410882549368,0.004739452909474043,0.24682227352991504,0.06874746696567213,-0.0006514571918900526,-1.0778617925167442,0.013207993544028383,stairs up
-0.5799022099729588,-1.52819824218,1.13012695312,0.760122236308521,0.8706547591518139,0.21817744006564382,-0.11853027343,1.02905273437,0.0482362816624813,0.21932653160560792,-0.02155795162589041,-0.41625976562,0.43518066406,0.04216472351651483,0.20505902498075676,1.083990358885041,0.43220450391,1.72299702186,0.05766865274083835,0.23981379533287767,0.0011937428194113708,0.15765685044993916,0.03450322146030731,-0.0002449025168175664,-0.24302524983427087,0.5822523163240048,stairs up
-1.2213167668638274,-1.49658203125,-0.85229492187,0.020630362296763047,0.14343902834033426,0.16171585452938006,-0.36145019531,0.58874511718,0.046029340028981534,0.21425515566029357,0.09399775995911051,-0.29455566406,0.41650390625,0.022902390306816615,0.151131263465094,1.2625888969885715,0.85841577922,1.53474162474,0.02185110192955145,0.1476218279275959,0.0015039342742255706,0.16259837825998602,0.03872829124849426,-0.0002968067756115334,-0.4745239433688191,-0.8101260327258081,stairs up
-1.1369147502161128,-1.43444824218,-0.78991699218,0.019365850679935726,0.13896509989158995,0.13115612620870423,-0.29345703125,0.53063964843,0.03304525776427829,0.18152733273845972,0.07852662851907043,-0.22387695312,0.39147949218,0.014509755301490578,0.12028666905083678,1.1664998651143381,0.80034578159,1.46687577768,0.022015945794292044,0.14816858319352227,0.006398293864187976,0.29682002100003047,0.07987659545317553,-0.0007547000296993753,-1.1122233997179847,-0.0976678766089854,stairs up
-0.9080923945493443,-1.51049804687,0.93737792968,0.35329851756182057,0.5935766345348762,0.17682418406071038,-0.6982421875,0.93225097656,0.06202270800045561,0.24870313035753028,0.045527223680519126,-0.4228515625,0.4833984375,0.03846142726242575,0.19584775055023868,1.1305255755957377,0.63714297619,1.54125292537,0.032514888130334776,0.18007234556748405,0.0016930619136578274,0.1935811293600409,0.041090583610295904,-0.0003057497103960089,-0.31391420135005577,0.16052661505099605,Null
-0.11708715406274013,-0.58129882812,0.90075683593,0.05762449091625256,0.23971172242605604,0.8232739119844633,-0.75817871093,1.16528320312,0.09251532490749645,0.3037334064303251,-0.45981438415531073,-0.93188476562,0.18188476562,0.0336289557263642,0.1831227967138164,1.0387251308795762,0.65122113742,1.35138562318,0.006852599006441916,0.08266342227448566,0.0030516952440185897,0.5585867688799908,0.055164070154264715,9.343758778322761e-05,34.080071283984346,4.35141621280139,Null
-1.0322671408149178,-1.88989257812,0.22338867187,0.2390266319748396,0.48823146703533987,0.1574717091973077,-0.62036132812,0.6474609375,0.0897421774020489,0.29915820723930786,0.07590425931313188,-0.94567871093,0.63061523437,0.07905271355875429,0.2807766652951278,1.1809839889885714,0.48559409208,1.91169749919,0.10906887910082945,0.32980181825314414,0.002858926699103739,0.2419124256100531,0.05339543524380555,0.00042228276009860326,-0.4070164481210474,-0.4322434047437145,stairs down
-0.5025891570594525,-1.95825195312,1.26684570312,0.8945113972394123,0.9444223391026236,0.12836414523838616,-0.84216308593,0.66589355468,0.1317151949191306,0.36240255548883643,-0.06322608969821325,-0.84777832031,0.44506835937,0.11271563831332083,0.33524738535067505,1.1334072583704322,0.55409200698,2.0059705293,0.12447744048676823,0.3523048621214508,0.005066148945582779,0.30538414410000314,0.07107425056033771,0.0006702205633424916,-0.7452205576574631,0.15360856928798985,stairs down
-0.548589440027933,-0.83984375,-0.22778320312,0.017197894335659027,0.13095745692653613,0.8113549941041899,0.36450195312,1.08935546875,0.01462346792616882,0.12075852040496934,-0.005022272716452521,-0.52160644531,0.91491699218,0.08110070586259914,0.28438383846144766,1.0329215804251677,0.85753734219,1.27372173343,0.004966047077804708,0.07037169486322303,0.006468928073996796,0.4739368640199473,0.08031723627282741,0.0005066239049250757,1.7305931564359467,0.19545528525808886,Null
-0.6068349854170474,-1.14013671875,0.2958984375,0.19234385211101823,0.4379589882217179,0.5778577374172981,0.07629394531,1.39514160156,0.1361441208130282,0.36846287367756614,0.023514006461671313,-0.50695800781,0.29357910156,0.04362483763630136,0.20857449504366143,1.028825015589638,0.66228472657,1.4290329159,0.01535932828764872,0.12376002845585254,0.005126120938308321,0.4360704576899934,0.07149714714518879,-6.642778397903307e-05,0.9767907730536742,0.12160589871655446,Null
0.20421025993974715,-0.74169921875,1.1015625,0.13074309325078434,0.3610759440489859,0.8022779829010394,0.15649414062,1.66857910156,0.0939548809221909,0.30608979518656493,-0.3386871680749157,-0.8720703125,0.27502441406,0.07648289148086758,0.2761667103364491,1.03097138896309,0.70996356108,1.69809380048,0.037862159580428864,0.1943085309490681,0.022434209344591984,0.924053273109962,0.14957002340914705,-0.00028443569924425753,5.363050808748804,1.5091728513971774,Null
0.1163059950546779,-0.58215332031,1.09887695312,0.38383862315187894,0.6186787897897965,0.5199743960048179,-0.52819824218,1.21276855468,0.11295568562828785,0.3356177634564898,0.2186720391279552,-0.51477050781,0.92199707031,0.1889337200933716,0.43405586505272276,1.0016834788466669,0.58231588738,1.35121358656,0.012189492194950427,0.11025129459153861,0.04739032007059182,1.1282201769699896,0.2173880725246818,-0.00014820573605360497,2.6892683429651525,1.5785539410071634,Null
-0.2946507216135294,-0.47253417968,-0.11999511718,0.008650262516414887,0.0928764345202702,0.6568070099097479,0.2978515625,1.01281738281,0.02785046732783795,0.16665069701118743,0.6595414532961345,0.09448242187,0.95092773437,0.045886334430555564,0.213910732037666,1.016454338937227,0.89513427698,1.14497466497,0.0021924309345662434,0.04675777658790256,0.04175295399579476,0.9838060382500089,0.20404901112866303,-0.00027576079125017666,-0.501753580172962,-0.31830088815685303,lift down
-0.15395313304557692,-0.23107910156,-0.08813476562,0.00045630198976604814,0.02133186379271831,0.469324468253022,0.43835449218,0.56494140625,0.0008285179261117887,0.028744421684269973,0.8732165661454945,0.73889160156,0.9052734375,0.001175327184602345,0.03423592066478606,1.004315343076264,0.94468943499,1.03108529018,0.00027904178109984854,0.016681582143193843,0.04108707344314372,0.6975899438399438,0.20242084099160954,0.0018234342199020517,-1.0331451205784021,0.324655648428244,lift down
-0.15820279685018818,-0.1748046875,-0.12805175781,0.00012239504523481058,0.011048349482886903,0.442649923341129,0.42248535156,0.46936035156,0.0001234485625858666,0.011095797024602307,0.9098317136008872,0.87915039062,0.95971679687,0.00045308340762786393,0.021257126839681947,1.0242015462037903,0.9968287206,1.07708405953,0.0004703319058403287,0.021657967881592972,0.06344980092625793,0.7858140563699862,0.2515536462571619,0.002312628848570099,-1.3354922703970513,-0.10893487255812048,lift down
-0.2785532321730641,-0.45300292968,-0.12036132812,0.007502898322760759,0.08649854845334573,0.427983616051922,0.29357910156,0.78491210937,0.010718407926214462,0.1033854517653543,0.8558315606466295,0.12219238281,0.96643066406,0.022353164465476832,0.1493013710030832,1.0158977063889971,0.84956578986,1.1742039807,0.0016273720912727324,0.04028447618352022,0.026796230839112256,1.0176389288800465,0.16346739591607465,0.0005458200974901167,2.9621891149450548,-0.6255803458230567,Null
-0.7835816763753278,-1.29541015625,-0.22290039062,0.11867502875763428,0.3440214819530631,0.2690232907464754,-0.71606445312,0.99780273437,0.08124771761035314,0.2846501876178396,0.31501678299795083,-0.2783203125,1.00061035156,0.13636004069174065,0.36876479261793704,1.0513122964234152,0.60545246963,1.46495554688,0.015758842050972704,0.12536261446491231,0.02962604448466526,1.038507847939968,0.17188687852169288,-8.294284999999168e-06,1.5931864910692637,-0.2726083544454538,Null
-0.7153831547117092,-1.40954589843,0.90270996093,0.44975807536294726,0.6696840399209736,0.2120556084151282,-0.11743164062,1.0703125,0.05855516199809144,0.24163678977907121,0.014601139599230767,-0.57495117187,0.29125976562,0.044224800436594526,0.20999715201438826,1.0335710459789458,0.40905748968,1.63288701722,0.03976186231027418,0.19911951348692714,0.0007889109351799365,0.11646020299997417,0.028047519064580372,-0.00010859304862980517,-0.0953821738815801,-0.8991213304688409,Null
-0.14301580007095235,-1.37561035156,0.33471679687,0.25188805014613413,0.5011810864131026,0.7848324388317648,-0.06091308593,1.18481445312,0.09238501608529293,0.30352303788613977,0.3175602760597479,-0.09191894531,0.62573242187,0.020644617653521186,0.14348097292974796,1.0382141043257143,0.73127125195,1.40364036547,0.023332340818923852,0.1525351897823977,0.004584735418471475,0.3221318709499883,0.06761577495186535,-0.0005723611239422112,-0.8401767528266246,0.3991136336488185,stairs up
0.28299458821286116,-0.07238769531,1.20263671875,0.04864355383695348,0.2202463004322049,0.8587398952873334,0.45397949218,1.20922851562,0.03152704978542925,0.17731180064264304,0.393330213755639,-0.17736816406,0.73986816406,0.042077985424328605,0.20484409225428798,1.0295831766553334,0.73317898084,1.39174311403,0.03419126949984823,0.1846518176223498,0.00435951941984411,0.21637460014994758,0.06593488942644764,-0.0006239711927215041,-1.3314001081203584,0.06115487732093674,stairs up
-0.8878259311506441,-1.3837890625,1.0205078125,0.2685801238327804,0.5175208194420181,0.2279579312161905,-0.52062988281,0.9501953125,0.05301508833031202,0.2299273508792026,0.13018610764397762,-0.1591796875,0.44458007812,0.02114178688808153,0.1451983684361442,1.0808193274140057,0.5957777258,1.41185752976,0.03084104746279322,0.1753700600846733,0.0010364386285677425,0.11850117250003223,0.03214864599220282,-0.00022843234993946286,-1.010381454125133,0.38989018371429673,stairs up
-1.0808037081983195,-1.37658691406,-0.81701660156,0.01620321682670476,0.1271134519424486,0.16131950826843136,-0.11791992187,0.47143554687,0.011678586805584652,0.1079160492108458,0.14031589197840336,-0.17126464843,0.32336425781,0.008363095849823065,0.09132179264024574,1.1105870279184311,0.83034063339,1.4280210382,0.016635613874473716,0.12879835214893828,0.0003615065083173514,0.08478418435993262,0.018986676513933497,1.4442468948790913e-05,0.5667520777227897,1.0619828908334166,stairs up
-1.1261706405770227,-1.66833496093,-0.84948730468,0.022427491156317047,0.14954762647950398,0.12597793407457866,-0.3564453125,0.70764160156,0.04232845566350304,0.20544964226579926,0.14130084434008428,-0.2587890625,0.46374511718,0.01994609524295795,0.14103214841139558,1.168632714067472,0.87088658559,1.69871002562,0.022922764561117713,0.1511898633276209,0.002792617576065872,0.32112562223005625,0.0527709498177968,-0.0003093020323019816,4.630509132054259,1.1665096560184876,stairs up
-1.0633919729267045,-1.431640625,-0.78527832031,0.025507790790347446,0.15948648174232088,0.10731802926712676,-0.47497558593,0.36145019531,0.019013239715906634,0.1376941585332206,0.08578104368112675,-0.2587890625,0.25866699218,0.009801586208865112,0.09886342148068875,1.0857177106369014,0.80717501361,1.44188010431,0.02513548720598063,0.1583182965316012,0.0040841372537141615,0.28000085637995653,0.06381718139914884,-0.0005872911149806651,-1.1615933888704433,-0.19161272144640787,stairs up
-1.0344948385526316,-1.36596679687,-0.77001953125,0.022109771099264458,0.14848745804256466,0.09158993031227147,-0.16552734375,0.27368164062,0.007075379394668831,0.08399869050029252,0.03955652971349031,-0.21704101562,0.32690429687,0.016641813606919263,0.1288243548412019,1.050843356683989,0.77232080821,1.37145752713,0.021621157084698403,0.14683754520830744,0.003088472781160529,0.2248637095299273,0.05549700401730643,-0.0005059512871730744,-0.6837541235431921,0.08293828101840962,stairs up
-1.0633928571395428,-1.37585449218,-0.80908203125,0.019871384478695575,0.1407643743795664,0.13939139229517142,-0.03442382812,0.38842773437,0.007450335137142702,0.0861919280752107,0.0745159040156,-0.13500976562,0.25732421875,0.009288702020462183,0.09624013129579725,1.0831795709902572,0.82147284593,1.37692959271,0.020307895965175588,0.14230204989835912,0.0005859267874599978,0.1206531586399251,0.02417132000790188,-0.00015996586192593807,0.4756979730593889,0.9547175795767108,stairs up
-1.1059328189528375,-1.42199707031,-0.80090332031,0.025241685165528608,0.15865733151278752,0.15475253690746557,-0.13427734375,0.44775390625,0.01696167824805739,0.13005749444649126,0.15130833817352615,-0.18530273437,0.55456542968,0.02421697976734671,0.15540355956174703,1.1440742603359229,0.8322697508,1.52669459155,0.026835647467385936,0.16359009769510657,0.0006274846436775657,0.13243859110002631,0.02501511614691691,-0.00014825361375136572,0.8429414101276569,-0.6365490407913671,stairs up
-1.073473736341003,-1.35852050781,-0.80871582031,0.020160489481645852,0.14178407187036102,0.10592485225323782,-0.10595703125,0.31433105468,0.008361730413710772,0.09131139743086568,0.07392144407971345,-0.17858886718,0.38732910156,0.01532296424390204,0.1236084904131952,1.092702972918281,0.88443295117,1.38041324234,0.018803962597020968,0.13693094262449362,0.004113459968581111,0.285894557899951,0.06404430927360391,-0.0005944393382168592,-0.6512634988921047,-0.016920262290346672,stairs up
-1.0470975988016527,-1.43725585937,-0.77966308593,0.020370918875717573,0.14252669040676766,0.08853893119487395,-0.23352050781,0.24206542968,0.007527652603866809,0.08664044518717184,0.05748212370694679,-0.17944335937,0.24450683593,0.014043855865419081,0.11834068334086623,1.063160643449524,0.79072145243,1.44243870693,0.019124676595667828,0.13809817548755265,0.0027087568565046845,0.22548250583997742,0.0519727746256132,-0.00044723435506852246,-0.5807190505893756,-0.04597520120370696,stairs up
-1.0697306888170703,-1.30541992187,-0.84631347656,0.01500601147167949,0.12232637089699706,0.1554223288917183,-0.11608886718,0.3837890625,0.01358386027512127,0.11638554841551456,0.0570360640388169,-0.24938964843,0.3623046875,0.016076791447869936,0.12661557847041202,1.0957556941268451,0.85289077233,1.33584122004,0.01563730866902649,0.12487297510755613,0.00028645046258936996,0.08701128617997256,0.016900992866629185,8.40633489111755e-06,2.432295925026808,1.388291121577019,stairs up
-0.8813951089307042,-1.5927734375,-0.27453613281,0.11478382417862995,0.33832009911123195,0.37853281799867605,-0.1240234375,1.17883300781,0.11170436617654446,0.33375096402876747,0.020426661530985917,-0.51501464843,0.57531738281,0.04264478314227207,0.2062150746007079,1.0747287240202534,0.53684523589,1.70473223277,0.03399045081109157,0.18410514132508068,0.03359083232439803,0.948656779959947,0.18301969910780752,-0.0004627506395328846,3.904946917818674,1.7119205961706945,stairs up
-1.0367386938785352,-1.453125,-0.76086425781,0.024731840644554467,0.15704194817885203,0.1405259683064789,-0.19372558593,0.4306640625,0.010076959269043468,0.1002425731328042,0.0946632922510986,-0.30004882812,0.24487304687,0.014296961563767663,0.11940137533798395,1.061968609633183,0.78004482773,1.48694501549,0.024795760808114103,0.1572447569700501,0.0020567345832552576,0.2478070234799361,0.04528731571545035,-0.0002832915193494497,1.5966957391734722,0.5408191034825212,stairs up
-1.0736642611189549,-1.50146484375,-0.7001953125,0.038702122713565504,0.19645048913988786,0.15017682953443504,-0.11083984375,0.41137695312,0.011535186948196193,0.10725018263075933,0.061577231194915254,-0.34814453125,0.36633300781,0.013732228638830921,0.11701896014110935,1.097088111104322,0.70112482194,1.50425282733,0.03939758360676563,0.19820769661571414,0.004257461801992014,0.2557171402000904,0.06515700325934119,-0.000526365536047748,-1.0233002377480875,0.25843189505188635,stairs up
-0.3458795627624369,-1.92016601562,0.33630371093,0.34266471745943633,0.5845552773797283,0.6901824694687114,-0.00830078125,1.43017578125,0.14901015425205458,0.38547731303151006,-0.047609131543025214,-0.70593261718,0.4912109375,0.06121140462711726,0.24706263195787917,1.0538950952243977,0.75718930762,1.93045119953,0.03900309842757871,0.19721522773617373,0.007043068076862772,0.3935329275300319,0.08380536733917913,-0.0005338618059893082,-0.031765114429132435,0.20880861408841306,stairs up
-0.2004325564961017,-0.72924804687,0.34045410156,0.10022583818395707,0.31613717647135275,0.5561688956540679,-0.20422363281,1.2470703125,0.16109732947814986,0.4008020113176008,-0.6045808091637571,-1.41430664062,0.12622070312,0.11434279160203716,0.33766816457266624,1.0341383121320056,0.75226004145,1.49191136826,0.02023487303612876,0.1420482748147073,0.00873457961453214,0.6368008653699917,0.09332687534048685,-6.437276978673411e-05,14.219500288053926,3.1018943377684876,stairs up
-0.24035029050745094,-1.7587890625,0.61450195312,0.498387137197403,0.7049759533461335,0.6370750448579272,-0.04455566406,1.40734863281,0.11695120034264929,0.34150198527084785,-0.19633590740806722,-0.98425292968,0.42895507812,0.11301389053535052,0.3357042225168514,1.0809630135283752,0.60955340879,1.78900365024,0.05973893811840072,0.2440729443369026,0.0007113276327363732,0.1334781794500941,0.02663334598504214,-0.00013705340584392294,1.069917848599328,1.074063290913204,stairs up
-0.4644782210184916,-1.41162109375,1.18420410156,0.7158793574896642,0.8449140160276172,0.15986062161525139,-0.39086914062,0.83361816406,0.06973765441050411,0.26370979597496247,-0.0365423277105028,-0.58056640625,0.50244140625,0.07219702656151084,0.2683195089618929,1.0294523162330724,0.71347361725,1.58252275626,0.038383833734694686,0.19564410627981602,0.003481243616958535,0.2353307176499584,0.058919601770353866,-0.00045200959537541684,-0.1934718872119361,0.37761883836417676,stairs up
-1.0424672531568946,-1.32421875,-0.76525878906,0.020294762844831313,0.14225660971521342,0.10614065838356125,-0.11865234375,0.34631347656,0.007833366978952485,0.08838014309850468,0.05972855179264957,-0.19104003906,0.30456542968,0.011327576176231993,0.10627936713884596,1.0586373807809404,0.77787289269,1.33691157138,0.020259224347515554,0.14213200118070138,0.0025143759821944886,0.19253294351005934,0.05007207323306827,-0.0004520610382205493,-0.7628142468786807,0.01221589905751144,stairs up
-1.1297646693782306,-1.53686523437,-0.79028320312,0.03021282484824854,0.17358521053887133,0.17016896101849865,-0.15710449218,0.45861816406,0.016660861621856555,0.12890381853351676,0.1307507226019303,-0.15222167968,0.34765625,0.01677642996906153,0.12935011768458424,1.1649115022928418,0.79585033809,1.55710569491,0.02945520920253943,0.1713949847961033,0.00044000429982315493,0.10440648142002829,0.020948142247717325,-9.767239259740267e-06,1.0768969883943091,0.8181200614540556,stairs up
-1.0662047256340532,-1.552734375,-0.7666015625,0.030902497439611015,0.1755308233114436,0.11420833429319527,-0.16796875,0.35681152343,0.010547007733674202,0.10254659218512176,0.08865121694523669,-0.24645996093,0.30236816406,0.013255121445631818,0.11496045019916133,1.0880053854109766,0.78280972234,1.55634109697,0.03115563833623343,0.17624829613772633,0.0021929522564571413,0.20592360828993606,0.04675964319827251,-0.0003641348953367426,-0.3706422022521014,-0.08503418472993676,stairs up
-1.0485625395865676,-1.42260742187,-0.75720214843,0.02452447354561142,0.15639114803810775,0.11669130067291893,-0.09631347656,0.35241699218,0.006724809745713761,0.08189404486431758,0.06117933118535135,-0.24450683593,0.27880859375,0.012575671959168535,0.11198965870372223,1.0661829212340812,0.76400728981,1.43829233164,0.02453528744335106,0.1564256240379636,0.0039319404592095784,0.2806503839499328,0.06262039278943887,-0.000536560285301927,-0.7398748597661742,-0.038014853661880656,stairs up
-0.5688567358560055,-1.32299804687,-0.07202148437,0.09252805410977682,0.30376496817290954,0.5388301292361156,-0.04602050781,0.94287109375,0.05916833414998789,0.24291013973131187,0.4482025062387878,-0.42956542968,0.9482421875,0.13720118322789773,0.3698962267120467,1.044655804223719,0.83842108236,1.51200649076,0.01164943391730919,0.10778377342092729,0.0445627695063186,0.9633986851499685,0.21080798622416555,-0.0008482445912652137,0.4773758003576485,0.8368073930646263,Null
-0.3610252227309455,-0.68469238281,-0.10083007812,0.011309946796494056,0.10619576296702614,0.7362452291108597,0.53283691406,0.96887207031,0.010487106855988897,0.10225975669445708,0.5789717972068769,0.02648925781,0.84045410156,0.03712679902251294,0.19240690868457516,1.030812804453467,0.88894358243,1.31258911443,0.0037954445942646364,0.06151885397871238,0.014727491704505442,0.5552212249799595,0.1211828890061366,0.00019382451853798864,0.5930371254265023,0.9265930320711557,Null
-0.3488642660381461,-0.52124023437,-0.13195800781,0.005537738143272256,0.07431139010306281,0.5789500032874999,0.38854980468,0.74157714843,0.0029757350777775073,0.05447362913721882,0.7614303760272192,0.49279785156,0.94372558593,0.0038839923770740193,0.062234092635204234,1.023495002338427,0.8371766256,1.15994822117,0.0014881636675141993,0.038522505532390956,0.008910999374379848,0.6510879731799832,0.09426541506438511,2.3838601651748354e-07,4.599726500511382,0.5466710805200705,Null
-0.19924694652112673,-0.76989746093,0.55578613281,0.14638470151198912,0.3820632804132378,0.7124167858674648,0.35778808593,1.14501953125,0.04769844923974226,0.2180919242220993,0.4085070972688169,-0.46032714843,1.19848632812,0.16765585199374458,0.40888088973211795,1.0299917205396338,0.6500018106,1.58508205362,0.013991559106277427,0.1181192036195831,0.044819855812654845,1.0423532461500145,0.21140861547649759,0.0005591558919231466,-0.38873637561344365,0.2304178981593806,Null
-0.6480398205092919,-1.64526367187,0.32177734375,0.33424252641957064,0.5773176454418273,0.5551041989382154,0.00366210937,1.16882324218,0.12430788676555991,0.3520734863314128,0.1020946988969972,-0.53173828125,0.82214355468,0.10369577704461203,0.32156184677644206,1.1208296388258356,0.66679647542,1.73535345589,0.04303586837657098,0.20715683366782178,0.01718025277615175,0.830732628279975,0.13088767514487834,0.00043460336874515945,2.821589277683894,-1.2157244225036565,Null
-0.19663140494027934,-1.77685546875,0.48779296875,0.2856326307838927,0.53369914209536,0.6332315626056704,-0.11962890625,1.27307128906,0.10827768199133413,0.32859584654353136,-0.4252919458120391,-1.25598144531,0.28491210937,0.16646942900893869,0.40743641295775934,1.067120528313715,0.56114442722,1.83381408697,0.04070126443901518,0.20146357923015423,0.0073768434823278765,0.37097215968992714,0.08576851272044235,-0.00028893490286966404,0.29026413866318634,-0.7321095503529036,Null
-1.0846358777408782,-1.55004882812,-0.72290039062,0.024673824659307383,0.15685639017593786,0.19501994621594904,-0.04016113281,0.73547363281,0.0199200294434954,0.14093827998519498,0.09822856265220964,-0.24914550781,0.37817382812,0.01757090207308094,0.13236739079746304,1.1214806647164306,0.72597795988,1.62079553733,0.0284670310898162,0.16848260427193362,0.00043265758047086465,0.11826163537000411,0.02077093935291987,8.960486401965371e-05,2.030888590043154,0.7994653401080841,Null
-0.3121042065637048,-1.2978515625,0.78332519531,0.4706992725843357,0.6851190645057849,0.5984791195121726,-0.1806640625,1.17749023437,0.1425575153996139,0.3770416677987189,-0.01575557103005571,-0.49951171875,0.44567871093,0.036986141366132735,0.19204977454482294,1.0469416881161282,0.86117677807,1.3123089163,0.008202146863037899,0.09043948063368826,0.003950307907854353,0.3310900309398903,0.06276387706839809,-0.00020941575540931026,1.6373634071801542,0.5920587483961222,Null
-0.8456902204212285,-1.22509765625,0.3740234375,0.1643172575549047,0.40478115034692064,0.3008238002203143,-0.46008300781,1.08471679687,0.09887487667404558,0.31399423088076867,0.04551199776679999,-0.32727050781,0.57763671875,0.02349138065061004,0.15304986906292906,1.0412739286448287,0.7517634363,1.36717734196,0.009398126072143641,0.0968053422253446,0.019681919290518136,0.9157881369600318,0.14009170294989767,0.0004673878076802688,14.320613025113907,3.4968511747494966,Null
-0.40000983343830554,-0.8232421875,-0.14611816406,0.020221975431885093,0.14200634942814225,0.7311608208508333,0.15490722656,1.10754394531,0.049366899007650636,0.2218778238865466,0.4539171006904445,-0.27514648437,1.00805664062,0.088456343888139,0.29700274716201375,1.026223160798111,0.83168833117,1.28129543247,0.005131228584913884,0.07153303553029196,0.06268460591216957,1.3270852629799492,0.2500209631348099,-9.809525295510748e-05,2.71178564522348,1.45867085275893,Null
-0.2806522402145272,-0.63012695312,0.54333496093,0.03668645470781249,0.19126247913904793,0.5039538189434096,0.27258300781,1.13928222656,0.046554974226735164,0.21545667519274328,0.7407495886650144,-0.10327148437,1.07995605468,0.08779285411379611,0.2958737883927582,1.023511224493811,0.9084415984,1.25034834061,0.00414877442938244,0.06431863511897304,0.014161793902388937,0.5211864258999412,0.11883272148850627,-0.0006194719160780225,0.4864435045827449,-0.9795471281638204,Null
0.22208184136027778,-0.55981445312,0.81762695312,0.11426990314306992,0.3375684919323044,0.8460493299658888,0.01892089843,1.04235839843,0.04139268661147328,0.2031691584036352,-0.13139038085841664,-0.59020996093,0.57495117187,0.0929681641248899,0.3044830360209629,1.013974414305222,0.80383463912,1.10941713548,0.0021853155322551234,0.04668238652138719,0.013369276859329296,0.6185248063499102,0.1154648863471683,0.0006295198348575336,7.232739854192294,2.7180628885873874,Null
-0.004914382409023039,-0.59838867187,0.97497558593,0.1271194656173243,0.3560255325065674,0.7486154841243391,-0.09887695312,1.23168945312,0.08017510288634888,0.2827449639863882,-0.11608711330281607,-1.01403808593,0.73156738281,0.307564248477261,0.553787362771619,1.0382680784133334,0.70927340288,1.38586155361,0.009331060464117849,0.09645852513894031,0.017255869280767642,0.6530071658299903,0.13117272372525116,-0.0004375733929116211,0.4127650980104849,0.1158369475795128,Null
0.39675489092725763,-0.11328125,1.01257324218,0.1970049853572144,0.4432372560786937,0.40878811569379503,-0.50415039062,1.32043457031,0.33089025671756117,0.574433340961898,-0.42336824791844874,-0.79125976562,-0.21594238281,0.010755638548642938,0.1035656532642112,1.0135725701493352,0.6040854742,1.43927486873,0.013643899160992505,0.11664520747323706,0.004234990100519738,0.3145142432300645,0.0649866049736641,0.0001224360325953563,0.17652474393531925,0.06746197059304758,Null
-0.10710341509329413,-0.18920898437,-0.06652832031,0.00045658085255782295,0.021336306327416628,0.8591581456766177,0.81774902343,0.89672851562,0.0002452185640900451,0.015636410490236945,-0.5536236931258529,-0.61401367187,-0.49597167968,0.00044096981384636545,0.020968377233482823,1.028150176442647,0.98776174921,1.07311822871,0.0001434357884787089,0.011958842691188602,1.252789654388087e-05,0.01948575144001552,0.0035342679283466953,-7.947833197620965e-06,1.23951613963661,0.9086071122369344,Null
-0.24341890517638354,-0.62573242187,0.19213867187,0.02976181019099923,0.17227963020913556,0.8947178670771233,0.69714355468,1.12768554687,0.005023139230042484,0.0707769539098335,-0.34432322880649313,-0.58239746093,0.00268554687,0.04865172715143135,0.22026900541900293,1.0285905224523288,0.82096302033,1.18492040154,0.0035506588514009744,0.05950572257297094,0.006497840176224556,0.3792484511800467,0.08049868243873241,0.0004751775681509263,5.742885585967333,2.546081170324036,Null
-0.2855098093887675,-0.47705078125,-0.16333007812,0.005481063280128214,0.07393044137360795,0.6015874611528291,0.36218261718,0.97778320312,0.02821958207650842,0.16775141021200043,0.6082189223318487,-0.48669433593,1.017578125,0.201321312420184,0.4480595799392192,1.023097430857395,0.93347963729,1.1633011357,0.0009916397982279498,0.031446177759974346,0.009415713056782795,0.47567759067999305,0.09689859911477179,-0.0004285001543021233,1.0217157605835565,1.0583210620702324,Null
-0.4702141711827548,-1.39965820312,0.08642578125,0.11870766698597351,0.34406489012920366,0.539650656956281,0.04138183593,0.96606445312,0.041696162266589974,0.20391492541204645,0.27807482674584033,-0.94567871093,0.85632324218,0.33979725376102177,0.5821178344391695,1.0366450072994764,0.70144004262,1.44265192887,0.01387828724019362,0.11764376330235123,0.006848746238809354,0.3856498324000768,0.08264308300929336,-0.0003370840974305776,0.9704258960849552,-1.1738161880555231,Null
-0.5834742459361079,-1.57104492187,0.17224121093,0.2738539567051889,0.5225667062777762,0.2830488031527273,-0.22290039062,1.03918457031,0.0711713294193912,0.2664003343515761,-0.3909152637816193,-1.07531738281,0.35620117187,0.22781409559631233,0.476620285406628,1.0556863359375852,0.58000889117,1.62744335193,0.030197710272490193,0.17352786900913766,0.008875973601398968,0.5873872620599059,0.0940784660127071,-0.0001307976950327436,4.669964349564893,1.5605140684117516,Null
-0.46066351996202776,-0.62963867187,-0.25061035156,0.0052436473346177065,0.072312389309005,0.7759202745186111,0.63244628906,1.04528808593,0.00964681470688267,0.09808169043895783,0.34199320474997225,-0.44177246093,0.640625,0.09832564850256231,0.3131333928235159,1.0202784568663332,0.77063438816,1.1513761499,0.0031647860050572903,0.05617824252164729,0.0208332608396581,0.7994194226399713,0.1441367082691257,-0.00048285073631425105,1.2101242325219053,0.45892929627365037,Null
-0.023816740914803368,-0.61157226562,0.48413085937,0.12223080312210986,0.34912384359925874,0.8486523574619381,0.64990234375,1.24487304687,0.011608947661244198,0.10759339318797125,0.15289683824109548,-0.50817871093,0.66955566406,0.15818639332973622,0.397167533325986,1.0150651176969945,0.78619502988,1.24575911187,0.004016618687842056,0.06328772433164631,0.0061212811559178334,0.49128461947998403,0.07812865380850549,4.2192350953096335e-05,2.03476834637949,-0.16823136094518043,Null
0.46491965926596635,0.22644042968,0.95849609375,0.02143155599041716,0.14619002572233203,0.6771017977471429,-0.47680664062,1.14050292968,0.05662802368885994,0.23763291391085767,0.4108838848017927,-0.376953125,0.58422851562,0.09178253947233618,0.3025317264754796,1.0054209459003363,0.84546272966,1.20568902653,0.001880864879699027,0.043308155705643246,0.0014566070203783246,0.2885586531599529,0.03811203076022821,0.00011790759247723243,9.554062947586674,2.497397827436281,Null
-0.3055131890766292,-0.82775878906,0.92822265625,0.057581532680112894,0.23962426171362108,0.5729997613419382,-0.49658203125,1.01513671875,0.08800641117449473,0.29624179677139023,0.4221318277058706,-1.15734863281,1.05639648437,0.32080438443779263,0.5655999014554817,1.0278962918910393,0.78821405742,1.38286735404,0.008315345482766573,0.09106035235346023,0.04000170626273963,0.9998006294899824,0.1997231632017302,0.00022226650734839736,0.5244411601817607,0.22184174674545568,Null
-0.31295000496242936,-0.37817382812,-0.27612304687,0.00031116014645836274,0.0176147995445248,0.22351901813697744,0.18823242187,0.26196289062,0.0002261462855201272,0.015016905613511013,0.9438793807347176,0.90673828125,0.98547363281,0.00034262641336382473,0.018484007740196203,1.0195168901170621,0.98443731988,1.0616648842,0.0003185632666781152,0.017823113376864357,0.004226525341359748,0.29775724248997903,0.06491984291599344,-0.00024333608730522417,-0.28073242171750046,0.2906496263845279,Null
-0.3009833327829972,-0.33056640625,-0.26953125,0.00023552125014657949,0.015325192552030567,0.205832430624958,0.17687988281,0.22729492187,0.00014877882426697617,0.012180397237367337,0.9503758534628011,0.92639160156,0.98156738281,0.00012168024917814416,0.01101541683932259,1.0181345742915406,0.99380414023,1.05031675403,9.09322164460098e-05,0.009522473646859025,0.001368272833197104,0.2189360408100356,0.036938328822313383,2.1167509900733384e-05,0.7536768545595538,-0.07631196722574919,Null
-0.3008043536992373,-0.36059570312,-0.25,0.0005202909839311291,0.022777647714128667,0.195182153730226,0.11901855468,0.22595214843,0.00042737198841284117,0.020643757480382538,0.9530832753980508,0.9287109375,0.98156738281,0.00013712553570445634,0.011693509970667693,1.0188062485890679,0.99611554589,1.0369928801,6.279153008951161e-05,0.007912910519263372,0.002218520570456095,0.2208329164100178,0.04703459963893516,-6.824460004166519e-05,-0.5653643659572722,-0.0459871763001438,Null
-0.2950233716602809,-0.33386230468,-0.27734375,0.00010066392923970624,0.010019040143323476,0.1999875186497191,0.17846679687,0.21728515625,3.8725324008510295e-05,0.006214221190824027,0.9530272751674157,0.931640625,0.97338867187,3.9929438639249634e-05,0.006310093287326057,1.017568480872781,0.99929655188,1.03331276468,2.8065211470235274e-05,0.005290215175827429,0.0006693920233847676,0.15010234976000447,0.025836247961194724,-0.00012834206898687677,6.986142168562349,2.364420214630066,Null
-0.12789186289515495,-0.57958984375,0.36694335937,0.07006819301541385,0.2643308870030537,0.0511839101001127,-0.52917480468,1.04797363281,0.16185781941819685,0.40174853067398886,0.2034564810736902,-0.97241210937,1.01135253906,0.7380162616458612,0.8578679050990143,1.0125316660563664,0.81903483481,1.16666769839,0.002366996088455851,0.048583212057669495,0.026985438381183953,0.9560924603400736,0.16404091886416736,-0.0005670919318912024,2.1837081939850522,0.10992202057058498,Null
0.26960771538873596,0.12097167968,0.30712890625,0.000900137143729393,0.029960117967166914,-0.43093906359348316,-0.45971679687,-0.38439941406,0.00012270763083904653,0.0110617786310682,-0.8713618932108427,-0.96801757812,-0.84753417968,0.00023503690689366627,0.015309366115651755,1.0093908769849438,0.99302912482,1.05423852053,5.290003001423483e-05,0.007263018272337418,0.0002694512099109588,0.06740663379002854,0.01639189813566021,0.00015057151394032715,-0.09733364741622852,-0.732684680512558,Null
0.5645093864525699,0.01403808593,0.6396484375,0.01708869477254203,0.1305410318185864,0.6376588277945252,-0.45629882812,0.83715820312,0.14426573655913982,0.37929244606421686,0.014327576703324048,-1.20239257812,0.25268554687,0.13424820064919674,0.36588687551662236,1.00940103473919,0.85765222917,1.22383483777,0.0013752262999466114,0.03703221416146961,0.000856322464862575,0.17497928371005855,0.029222089293379102,-8.405682039002067e-05,2.051437738748665,1.0722488471909597,Null
0.601987137749715,0.57409667968,0.642578125,0.00021507286981397493,0.014644457197012517,0.792950665505584,0.75415039062,0.82482910156,0.00015619262185658807,0.012479888967131295,0.20111344817928775,0.14929199218,0.24450683593,0.0005411631545762518,0.02322975202637963,1.0160952178897438,0.99711416,1.03490230396,6.641752154598371e-05,0.008138077035631667,7.614357212034748e-05,0.03835034250005265,0.008713589321654043,2.6209134068072266e-05,-0.4136946925352736,-0.26733890525584486,Null
0.59667697482225,0.55712890625,0.61901855468,0.00012094229966724274,0.010982092188414451,0.7946112738676945,0.76391601562,0.84326171875,0.00030290977906699236,0.017380114010386367,0.19204338921088887,0.11779785156,0.2392578125,0.0007112445299814151,0.02663210188346888,1.0125876595534444,0.98996097319,1.04135351083,0.00010963199894995635,0.01045597750664852,0.00013884219364662548,0.050176940059941444,0.01176675490041736,-5.427739257036932e-05,-0.7142488522668091,0.2912405129217039,Null
0.6019069627749137,0.5732421875,0.62670898437,0.00010638995171890125,0.01029972006740161,0.7969693589446551,0.76623535156,0.84265136718,0.0002447413550570837,0.0156217180649624,0.1712709624154023,0.11169433593,0.251953125,0.0008351053503359488,0.02885663913760128,1.01383595406,0.98895512852,1.03551728052,9.711542302248964e-05,0.009840546515054626,8.61358586122263e-05,0.051418401539990555,0.009267596332228421,-2.8459169384484188e-05,1.3026626449694962,-0.21517823929375793,Null
0.45265857706732776,-0.32763671875,0.62854003906,0.06976691708962644,0.26377020628900294,0.6086698169528374,-0.35693359375,0.97473144531,0.1685488638496895,0.40998114823819604,-0.06888767379264461,-1.02722167968,0.28601074218,0.21016865194529855,0.45780964924594414,1.0133846502806059,0.94200136044,1.08129523133,0.0004259075166960275,0.020609080953598133,0.0013605299676771338,0.2489603590599927,0.03683452118919495,4.90212194851096e-05,11.151409968406384,3.0234648845551613,Null
0.08069551231380404,-0.13037109375,0.28540039062,0.010794485013009879,0.10374669627046341,-0.3390909244376945,-0.53991699218,-0.17687988281,0.009525766620008898,0.09745929839171832,-0.9482998806698271,-1.09851074218,-0.77685546875,0.0031416045141982496,0.05596919598210749,1.0209045970582422,0.85568098805,1.12998907171,0.0019166637932805288,0.04371659028902804,0.0012579004307135225,0.23896442702994136,0.03541575013219632,-4.518965781208245e-05,12.005636283684263,3.149392501629367,Null
-0.41228625925391177,-1.25854492187,0.20336914062,0.29389985801973556,0.5413780717184503,-0.07307606426404958,-0.48315429687,0.98315429687,0.10979243082523378,0.3308926900644859,-0.5414595170439944,-1.14465332031,0.17651367187,0.23913151305405025,0.4883367163702508,1.0463446564880716,0.81339622549,1.3658447211,0.014754923778646236,0.1213024179713756,0.0007967287986677025,0.18024634672997308,0.028187478665043977,7.941881584141951e-06,6.690106536704757,1.84743297334975,Null
-0.5688949896352478,-2.0,1.06677246093,0.5808056542975624,0.760994312299434,0.32030894109650143,-0.57373046875,1.47265625,0.16155411266794728,0.4013516032408708,-0.21863789460941688,-0.94580078125,0.22277832031,0.07572397196225833,0.2747784605181067,1.0911546611009038,0.24928043044,2.05718920529,0.09941184709321362,0.314836491905268,0.003361127899829791,0.3005960482599903,0.05789066153642354,0.00019785686366156113,1.0998420750878068,0.7805247240567668,stairs down
-0.8018678099218958,-2.02392578125,1.06970214843,0.5356556919469359,0.7308789984502586,0.20720228257936812,-0.82653808593,0.97412109375,0.13779143949622463,0.370692448784057,-0.13301036122008242,-1.01794433593,0.49951171875,0.0911084299260165,0.30142682701047757,1.167658887235989,0.26563313415,2.13130057546,0.1042068525173744,0.3223671353527116,0.010138642680667744,0.37652357628996924,0.1005524204915519,0.0008213748331663487,-0.9606631916160602,-0.48320780105340694,stairs down
-0.9504197314556267,-1.91625976562,0.01281738281,0.20679542275071705,0.45411385238998153,0.21844873454735378,-0.89013671875,1.31628417968,0.19572574147181734,0.4417924223211211,-0.29715144335292476,-1.17053222656,0.64184570312,0.21263011714790722,0.46047565918192385,1.2474121474683844,0.6164380243,1.92380924893,0.09698735802414445,0.31099388780567605,0.004555332648630815,0.2738304375800453,0.06739913723297083,0.0003444415557682137,0.09732972213853408,0.9964243468659657,stairs down
-0.9903295427607438,-1.76037597656,-0.09875488281,0.18502638667567717,0.4295540386398809,0.3059586454001653,-0.41748046875,1.18835449218,0.10221541487647352,0.3192707780419695,-0.18431204803655646,-0.93884277343,0.71594238281,0.2048913881378822,0.45202538540673015,1.2412988348546008,0.79018529946,1.90917040732,0.058449899482632454,0.24143090207302223,0.013008588615585143,0.3968604818199992,0.11389799069040157,0.0010146480854219461,-1.0820656213209496,-0.48751701744731224,stairs down
-1.1708548899410112,-1.70361328125,-0.67578125,0.042460607965741956,0.20577010617446762,0.21852163250379217,-0.24560546875,0.95642089843,0.06650958690985456,0.2575320605818303,0.08733445070974719,-0.505859375,0.63488769531,0.03174992010027209,0.1779346366828311,1.2342101619833143,0.69853514814,1.71230927,0.0434523504265055,0.20815929780431644,0.0009854076985609177,0.16517074245996355,0.03134708438447915,0.00010318514852257683,3.8837020572697227,1.64790285107733,stairs down
-0.7828185525081336,-1.76489257812,0.31616210937,0.2390634542337443,0.488259704787774,0.4723859271599999,-0.05041503906,1.33190917968,0.12400204403081565,0.35164845291486074,-0.11710895336384401,-0.93090820312,0.19909667968,0.048296732123862776,0.21945888188134396,1.0947228649091085,0.63154673258,1.77812317745,0.06163777389047211,0.24792353846899834,0.00913344414323166,0.4281785142100034,0.0954358569649965,0.0006778580535782673,-0.7646312913472473,0.10574902858124668,stairs down
-1.2275938906874295,-1.74328613281,-0.72741699218,0.059753271050587586,0.24409931687654768,0.2580228471464689,-0.19934082031,1.09387207031,0.06562415714516062,0.2558100431378219,0.03905043090048022,-0.26196289062,0.32263183593,0.01259566887931481,0.11207179794123061,1.2824253983886158,0.73028228542,1.87807056217,0.06824871937844415,0.2608753081183608,0.002380280355210231,0.20525515695999275,0.048719158443106876,0.0004215273763757241,-0.4465742926294798,-0.5212482604881811,stairs down
-1.2090901239301672,-1.72717285156,-0.72521972656,0.04587120665115998,0.21387714160767848,0.17952598635337047,-0.59301757812,0.62841796875,0.07333804327721098,0.2704325406346266,0.05380036505317548,-0.16284179687,0.25598144531,0.006947240280109865,0.08323393920676575,1.256332852534986,0.73180455959,1.78699987941,0.04458000815066242,0.21084551182080713,0.0014140108986120665,0.15858809361998283,0.037550927413192645,0.0001878680741502465,0.5175047174475367,1.122456591739809,stairs down
-0.4298934721602254,-1.73547363281,1.21362304687,0.7984983151642562,0.8923278680707134,0.20075580435633805,-0.53186035156,1.505859375,0.1359899687112802,0.3682484193813766,-0.13861582581349297,-0.92822265625,0.76354980468,0.10508296399285565,0.3237081334220381,1.0891540504352677,0.51239705447,1.86437887575,0.09663782784731835,0.3104281053866509,0.0073681213540301455,0.33524174876004054,0.08571677830279403,0.0006792004256368162,-1.0514722385358597,0.20381236580523135,stairs down
-1.3027988199373464,-2.0009765625,-0.73278808593,0.06429903360397449,0.25321814185570757,0.20288120035209498,-0.18151855468,0.81811523437,0.06634101534465921,0.2572075139764216,0.12269225733097766,-0.19494628906,0.59765625,0.029349272355983304,0.17107685743046902,1.3588721877711452,0.73845551467,2.00422491176,0.06669403394041652,0.25789094159397186,0.0004890787058464888,0.11782276869996622,0.0220842152726794,7.234882471821767e-05,0.6932014991411717,0.05362921004861836,stairs down
-1.1774560410064425,-1.68322753906,-0.61584472656,0.059474136052004904,0.243531398044219,0.18534308254333332,-0.19555664062,0.626953125,0.03812240118476807,0.19497593632875757,0.008332923012436976,-0.32385253906,0.36486816406,0.01589814963776955,0.1259111472655657,1.2141152394045098,0.62533094465,1.71284105061,0.060054752328007784,0.24471724854053803,0.006907643326535301,0.3320584213499842,0.08299574799689809,0.0006951195026530215,-0.9072519147716949,0.29063130101392726,stairs down
-0.8324315030772957,-1.61999511718,-0.03503417968,0.12186062493373825,0.34859339576034387,0.08124346665794367,-0.48559570312,0.60583496093,0.03645151920748979,0.1906537145499506,-0.5278677926907888,-1.18579101562,0.16137695312,0.11443425258315171,0.33780453308958897,1.1000137052580283,0.71642670181,1.638590564,0.040248435885316854,0.20033736548528228,0.007340859213118879,0.36541920075001144,0.08555805477254731,0.0007479447664500294,-0.7004431579772716,-0.1227586591335881,stairs down
-1.2490175467034854,-1.89611816406,-0.63342285156,0.04969944032336456,0.22263467352595753,0.1830763420513405,-0.34912109375,0.67980957031,0.053590484674059365,0.2311856622985368,0.04146627062919571,-0.18298339843,0.32983398437,0.012182796254967564,0.11022764899429485,1.2877476577058982,0.63546351875,1.90253432648,0.05229053267160036,0.22836449718808316,0.0011986821280326584,0.17885234741993372,0.03457554776174237,-2.265338523250833e-05,0.6008128252051952,0.873986863107598,stairs down
-0.6609914679241228,-1.54553222656,0.05505371093,0.10994489370677353,0.33109427269191066,0.20086027446336255,-0.3681640625,1.29467773437,0.08603004995536437,0.29287966829688555,-0.5867488035648831,-1.21008300781,0.15563964843,0.1219264413150122,0.3486687987943395,1.0469366290688011,0.55249108395,1.74783435147,0.042548683846779047,0.20597153320423167,0.01769520815935107,0.7370297853799457,0.13282871596389134,0.0010216454204120438,2.05315916501979,0.9454555268464504,stairs down
-0.7223652977481712,-1.45642089843,0.92224121093,0.31965474220430046,0.5645456649922262,0.17638439977153395,-0.95483398437,0.93310546875,0.15722738659500912,0.3959338189577064,-0.15188859697457224,-0.91357421875,0.44055175781,0.0744183824878872,0.27239467549074914,1.0435550412775518,0.42659403715,1.68870045207,0.036768820277782645,0.19146894704127096,0.030035063085126868,0.820602044669954,0.17305046685570094,0.00023535177699434518,0.9464850252606789,0.9571730483787892,Null
-1.317612868084945,-2.25952148437,-0.4853515625,0.1066825246662795,0.32617394256332954,0.2397273136998352,-0.36645507812,1.05810546875,0.073865814944605,0.27140907663814484,0.059847318207335166,-0.50463867187,0.38452148437,0.020426125795619185,0.14272354418739552,1.3698900208627198,0.60860420041,2.48951676444,0.12131149841547913,0.34781924194642233,0.0014868374346327022,0.25216076574997714,0.03850652823101155,0.00019219103704863188,3.5911066528733144,-0.9544103996918979,Null
-0.40308036913361034,-2.02233886718,0.89709472656,0.6292857993372659,0.792138048678625,0.21124529906659026,-1.4189453125,1.41076660156,0.18724228163570383,0.4320946317649311,0.0346959504836103,-0.84521484375,1.2353515625,0.30043266180843764,0.5473315478171532,1.104142193216533,0.59610973301,2.48964651611,0.10322825165644897,0.32083090359317523,0.09489527380355624,2.0898233280099703,0.30760911490866577,-0.0007269140258469857,28.44307065629425,5.19056473471966,Null
-0.2765081169876967,-0.86108398437,0.63928222656,0.10515284145608046,0.32381702905487064,0.8439169894407023,0.12133789062,1.15563964843,0.029565991012029825,0.17170597099541757,0.07366703333452244,-0.58227539062,0.66467285156,0.11869436245604816,0.3440362645500524,1.01633047822691,0.56977715906,1.32131729039,0.013892197790281587,0.1176995104610924,0.0588501522637122,1.1058860533701136,0.2422495466399083,-0.0014532000719573957,0.43653938693013306,-0.5107362863838659,lift up
-0.36382642842607343,-0.51635742187,-0.25256347656,0.0025122613176544344,0.050051618697812654,0.7931749591675988,0.59912109375,0.98413085937,0.005047579486138854,0.07094590042437594,0.5053748868916101,0.10083007812,0.81042480468,0.01720066265831341,0.13096592387249364,1.0202611851768362,0.92587359486,1.09754257699,0.0006594977224204132,0.02564438992263164,0.05373209528768152,1.0322672212599855,0.2314742095953085,-0.002165682875323132,-0.42778542759744376,0.021313376199424625,lift up
-0.3362358562066201,-0.40393066406,-0.27209472656,0.0006089804212044757,0.02464303874475331,0.6509624459851397,0.59582519531,0.82507324218,0.0037368210979776247,0.06104410741601445,0.6791207936851675,0.11633300781,0.78308105468,0.01455539950109741,0.12047714289686468,1.0078408631156146,0.84896978222,1.0650080503,0.0011200370983122173,0.03342018107469699,0.009180086316288832,0.4832308450199889,0.09567885668778302,-0.0007193180524415685,0.9341040928572544,0.9423477462309565,lift up
-0.3725261318349308,-0.58972167968,-0.21301269531,0.007189600437472923,0.08467399037949849,0.720212476732216,0.63110351562,0.80151367187,0.0015291950298849197,0.039050723841847275,0.6110075636217451,0.4677734375,0.71203613281,0.004350251974165614,0.06586502421376911,1.021573286521856,0.97566401538,1.08090264027,0.00023348547929735107,0.01525905321822006,0.00356282554362191,0.3132939047400214,0.05960667933030989,0.00018517668750102386,0.6290003491706191,0.5566862048891845,Null
-0.3413938660517101,-0.4287109375,-0.25939941406,0.0007275040001114315,0.026933163439609758,0.6661900617034203,0.58862304687,0.73364257812,0.0009623405766060609,0.030976623179914096,0.7002204342128406,0.67053222656,0.73913574218,0.0003045538478620572,0.01742616088200856,1.0256064230630146,0.96884001036,1.09110819024,0.0007899989649488442,0.02806615600463535,0.013349993947260996,0.42838544151993574,0.11537459994570406,-0.0009728278424658755,-0.7297832828529316,-0.7179275596464326,lift up
-0.35585620521450273,-0.41357421875,-0.30590820312,0.00027172857853170957,0.01646140781036973,0.6422412513991437,0.59838867187,0.67858886718,0.00021862009931626503,0.014765370851759092,0.6938331561812707,0.66516113281,0.71508789062,0.00011710875799255229,0.01080672258995387,1.010378749895359,0.95976100791,1.03126848088,0.0002531729163116082,0.015889416087906276,0.0016525256216767883,0.18028653678993578,0.040595081398755735,-0.0002700064642605164,0.43342140328290046,0.9668480593567914,lift up
-0.4053078033320528,-1.1923828125,-0.23889160156,0.014865060806906758,0.12174345260925046,0.6278509324557184,0.25048828125,0.88635253906,0.009872103879824689,0.09921266768192562,0.5961996397284751,-0.50048828125,0.83264160156,0.09315723090602898,0.30476883460354137,1.0131843092991202,0.70287708574,1.27890069082,0.0049459430906663585,0.0702242042228242,0.007363452646211447,0.3883810556700382,0.0856846482366394,-0.0006085942537840273,3.0466764929232157,-1.8013426137616744,Null
-1.0158761831397252,-1.291015625,-0.298828125,0.02675484600265327,0.16334424899111127,0.15666316105376374,-0.4599609375,0.39697265625,0.013426490647227727,0.11571345938961106,0.010516491563186814,-0.54040527343,0.25012207031,0.02496144022291473,0.15777472813377605,1.0507864643478848,0.61352847516,1.34322762316,0.01751810830929094,0.1321740581132,0.0037889024954575723,0.38802540959,0.061469451133614766,0.0003202552919418758,2.5144606086232475,-0.5423828790838314,Null
-1.0464200106500587,-1.32751464843,-0.81481933593,0.010464498034089335,0.10214602467335678,0.16655509702304985,-0.1923828125,0.45239257812,0.011427192873159273,0.10674119187838975,0.07622342375134898,-0.19970703125,0.34973144531,0.009411135718452462,0.09686865891495518,1.0706750580453959,0.8159070291,1.35314014725,0.01248152529456551,0.11155681324370874,0.00032026385010501535,0.11732248485998298,0.017869657521305614,-4.775847654707502e-05,2.0513035204821755,0.5947998276151997,Null
-1.0812336024915523,-1.38684082031,-0.77880859375,0.021988913655776033,0.14806510428710012,0.18573380655044777,-0.15869140625,0.60205078125,0.02061974883670276,0.14338130055079698,-0.016739665926985073,-0.35205078125,0.18725585937,0.012722166097040348,0.11262410701899173,1.110621881046239,0.79184867414,1.45584202114,0.02560449708003789,0.1597750473180046,0.005862263205365923,0.2839093905899972,0.07645105566449412,-0.0007397190276698028,-1.0686319393711015,-0.08562531482317137,stairs up
-1.0399113683485637,-1.45483398437,-0.85180664062,0.016023628827403665,0.12641283304726905,0.1768663194407859,-0.02722167968,0.55334472656,0.010033078023636934,0.10002943621901376,0.05469543953070461,-0.20031738281,0.27404785156,0.011925647376414916,0.10905653831309958,1.066447325180027,0.86793178544,1.45902206188,0.016076109294066266,0.1266196769945826,0.002174924912318441,0.17624558173997684,0.04657285482837619,-0.0003687195405637838,-0.9077069368536379,0.34351695178204233,stairs up
-0.6408095673851197,-1.361328125,-0.29125976562,0.06328858508776022,0.25119533894174934,0.007808845200928159,-0.51318359375,1.09948730468,0.2140161005599069,0.46192567994403977,0.5121467270508083,-0.16943359375,1.11486816406,0.11711914553077625,0.34171404625275886,1.0283375976442215,0.83304447393,1.39023102848,0.008783153387942525,0.09357807714155897,0.022321478692670215,0.8175643600799276,0.14917991794521562,-0.00041296328193553066,3.256636179096045,1.6995785473900058,Null
-0.5476225963579004,-0.88916015625,-0.19189453125,0.016136254110356494,0.12685298113469318,-0.4267234169939226,-0.75622558593,-0.11962890625,0.019272873410636392,0.13863489253733727,0.7189793033455801,0.36218261718,0.97839355468,0.013428202075518612,0.11571995331249928,1.0209745610109946,0.83479331492,1.22875751606,0.005242468867139285,0.07230481940329267,0.0023217161010623774,0.3148366575099999,0.048117590553483684,-0.00010892133546265877,1.9049076623786023,0.3294948121100889,Null
-0.5231429170931404,-0.62890625,-0.43823242187,0.0015831861384775813,0.03973442769383632,-0.3669406691165289,-0.4423828125,-0.24438476562,0.0014122487359253951,0.03752809938619229,0.78347450445146,0.67797851562,0.85424804687,0.0008418403164626302,0.02897449218077052,1.0126988823449037,0.96002045735,1.07823640828,0.000425114481253839,0.020589885064769362,0.0003063125233367693,0.09816122568997798,0.01747766252060974,2.2648289813193887e-05,1.718543874520054,0.3808252579228705,Null
-0.5791519828425815,-1.47351074218,-0.31811523437,0.0338712365985718,0.18379117278795337,-0.2894592285125,-0.52587890625,0.67199707031,0.06599676223191889,0.2565490658804174,0.7107686581782064,0.01232910156,1.16149902343,0.03611904979464009,0.18979172848890657,1.0217887247766033,0.59220455467,1.57516376347,0.016004560827779235,0.12633712903717545,0.001541305199895027,0.2536654494799677,0.039206082060663575,-8.58345777659321e-05,6.267632206893067,-1.8847431331312174,Null
-0.6833327126346045,-1.673828125,0.99182128906,0.6922346909096583,0.8308304434005171,0.2434730314235593,-0.07275390625,0.57690429687,0.031583739498467794,0.177466954375638,0.06263172559025423,-0.19921875,0.58752441406,0.022925513652047754,0.15119772588914035,1.1102805222505934,0.58940635025,1.83422087098,0.04217624798298834,0.2050782924629849,0.0011369128145871526,0.15810509880998325,0.033670479599596584,0.00013551442131522426,-0.6292866797105687,-0.15417882426328555,Null
0.00036054100713110585,-0.93884277343,1.11694335937,0.30314058163863405,0.5498293632422129,0.40110103419251364,-0.55822753906,1.25817871093,0.12103088735211258,0.34741934584525364,0.44657155854975417,-0.44030761718,0.95471191406,0.2590448783195323,0.5082687334746737,1.0128153429703004,0.60246480425,1.48511793718,0.015906503941674137,0.1259485750153247,0.03181992384811236,0.9006969843300112,0.17813754282987976,0.00048493975366386915,1.1126899612130643,0.9413317048726606,Null
-0.22657557895826927,-0.29577636718,-0.19982910156,0.0003431840385089944,0.018499762842166038,0.35867946750093405,0.30895996093,0.59704589843,0.0023456800722235554,0.04836564789394393,0.9109654688532693,0.62145996093,0.99340820312,0.0024045317023190303,0.04896862103422944,1.0069183001891757,0.87447970111,1.11920638498,0.001044935030296353,0.03228102119920729,0.06519949080427229,1.0078864413899282,0.2549909240032687,0.0020966995129474025,-1.047812238764298,-0.31720481708888276,lift down
-0.14045847633378614,-0.41528320312,0.92590332031,0.08363027633467374,0.28877079203705225,0.40401604271661845,0.15356445312,1.10705566406,0.040930259346135235,0.20201971141176317,0.7360642273275144,-0.31652832031,1.10473632812,0.17639556608740653,0.41938735354393725,1.009428992193526,0.75645037274,1.26233117325,0.005904554449326303,0.07672997630037803,0.04198682941115282,0.7778008621301069,0.20461055738451403,0.0012491982097939923,-0.9839393131614846,0.14205857333049535,lift down
-0.10435110623434424,-0.52319335937,0.99499511718,0.1588855197198216,0.3980595511703797,0.41065920636628417,0.00598144531,1.19799804687,0.06888352684407718,0.26209792156096867,0.617278218918306,-0.41784667968,1.01220703125,0.24415919861463675,0.4934491837860081,1.0112084500939345,0.49144673991,1.21127982069,0.008682553725075448,0.09305283929408063,0.09653306169378292,1.0672207397500415,0.31027296072829236,0.0025050132762886356,-0.6578712635554402,-0.8082107423487753,lift down
-0.26601234549543284,-0.34362792968,-0.20007324218,0.0010709145092928603,0.03267595062983827,0.28498061450208956,0.24658203125,0.33435058593,0.0003678550841084231,0.01915090100309872,0.9505688112136419,0.91796875,1.01794433593,0.00039778046646127713,0.019914644412687383,1.0280827490484477,0.99032316242,1.08981863286,0.000416755891466575,0.020384107633874025,0.0032415743640996195,0.2274216676900096,0.05684978472003432,0.0003521266691729932,-0.7007414045770122,-0.3409355899212275,lift down
-0.3766065384411716,-1.13342285156,-0.16967773437,0.05194993771130731,0.22761455302224481,0.31919191448463213,0.14025878906,0.86254882812,0.02004302175511133,0.14138036856938102,0.8119711395143868,0.05480957031,0.9765625,0.06521261615519887,0.2550194602437329,1.0184696897150411,0.80233243174,1.15872410319,0.002571310369430797,0.050638958067344204,0.017719038039921947,0.5567734577399506,0.1329314006633496,-0.0008240743401451426,0.8756154505374258,-1.4181391720224108,Null
-0.7033983635146364,-1.42407226562,-0.24877929687,0.11676284209274176,0.3411876540827955,0.5943792169709091,-0.01403808593,1.14221191406,0.140447247404475,0.3741946681676097,0.03490582090357576,-0.31970214843,0.6357421875,0.04772345907841952,0.21812574936434634,1.0658793634136667,0.70986385809,1.50559821628,0.017237251958913204,0.13109163917682934,0.03509077556184702,0.8673052366299316,0.18704127854119867,0.00026672711540023334,0.8967590949424009,1.0509815954029813,Null
-0.7073506894291033,-1.66662597656,0.80993652343,0.3366404237030415,0.5794183634844333,0.4628690636634511,-0.03820800781,0.96887207031,0.08374549848492115,0.28899468714071536,0.044978929601630434,-0.56958007812,0.70837402343,0.08642701880008952,0.293585017960286,1.0785604319383968,0.32265945414,1.98605818212,0.058919104870905924,0.24240255487034323,1.1500831324546492,8.625550976629938,1.0709612068376893,0.000859926546245722,23.076513584237077,4.259384474840004,Null
-0.5777050121376216,-0.60009765625,-0.55541992187,0.0001011468689036561,0.010043579988614632,0.811037135765108,0.7392578125,0.86108398437,0.0005918960868151194,0.024296015468828733,0.25488083297727027,0.22961425781,0.39929199218,0.00023956132059029558,0.015456838537090085,1.0280320132947567,0.97700403531,1.08204660508,0.0005703605405566542,0.023849927160940695,0.020665301031286176,0.6573999579100018,0.14355991385598124,-0.000924734639149476,-0.5415434585255472,-0.13936051704259914,lift up
-0.40455065275137436,-1.18579101562,-0.14025878906,0.0549464950667446,0.234063736619895,0.6550699869759063,0.16870117187,0.97387695312,0.03711991558334062,0.19238341357423996,0.4364777503631286,-0.36901855468,1.01623535156,0.16639909445593382,0.4073236396234831,1.0154132331066374,0.6912967358,1.27656631259,0.010258168822686839,0.10113443615804889,0.10329530703850473,1.7178117322499702,0.3209256517902373,-8.329416426427364e-05,0.7161946525023706,0.45965163317304014,lift up
-1.0227430711870604,-1.23010253906,-0.85168457031,0.007035357603511546,0.08375609110827545,0.1781072698996542,-0.10961914062,0.57275390625,0.014496843506302832,0.12022922215214821,0.10199168092239194,-0.09265136718,0.46899414062,0.007257725404266114,0.0850694408650681,1.0531878286070029,0.86301016542,1.26276339106,0.0076523010687367474,0.08735129265159533,0.0035963136581355568,0.3081119150600671,0.05988279921504747,0.00043067744118017,3.5141012062128594,-1.8746786539299125,Null
-0.7340657094863765,-1.8134765625,0.41674804687,0.4201473824792016,0.6472767516314598,0.4264149183603933,-0.37292480468,1.28039550781,0.09929134136344432,0.3146624113255148,0.15368549475320226,-0.76806640625,0.98474121093,0.10662988436646145,0.326083366977472,1.1304966729945787,0.57228601308,1.84259767406,0.09084381988435607,0.3009794687599438,0.005453108892885895,0.3315121105700882,0.07374138031849327,0.0006487789202310923,-0.2654023021059735,0.4967915000236683,stairs down
-1.1149412005098034,-1.74072265625,-0.59875488281,0.04435568701879467,0.2103118931309815,0.18230892566882023,-0.41955566406,0.5966796875,0.03205439409565803,0.17878577589619665,0.08332121773817416,-0.16674804687,0.30139160156,0.009911725780019096,0.09941772404189671,1.149576319887472,0.6000375865,1.75333871133,0.04796118739783854,0.21869262667343808,0.0014823560160215179,0.19216447523001534,0.03844726381198276,0.00011769984822176714,1.8621341441705699,1.3282398874238788,Null
-1.048982069223611,-1.47436523437,-0.74987792968,0.027069820146407,0.1643004144899089,0.1202701144715,-0.14819335937,0.31323242187,0.005313321242164575,0.07279122211154238,0.040857611761,-0.23156738281,0.22045898437,0.011391329349164413,0.1065818313205349,1.064898540147,0.76926043629,1.48371332378,0.026214418432127466,0.16168364358570514,0.004840182052814419,0.30883918895995066,0.06947472276063944,-0.000569726364988787,0.1269120599982987,0.6039812692931472,stairs up
-0.8765373006865205,-1.4189453125,0.03503417968,0.12383913943610765,0.35139299465017576,0.34294547811190057,-0.01586914062,1.33203125,0.11086971252376843,0.33248388243310756,0.035441794589736834,-0.30285644531,0.50366210937,0.02325798831726175,0.15228257452337934,1.0536632398740642,0.64900351719,1.48971586093,0.034291958346825406,0.18490994960458554,0.006101218585763872,0.33880931367991707,0.07799601762486122,-0.000663620466907638,-0.2897269767460928,0.7748735417756897,stairs up
-1.0382634943149311,-1.41088867187,-0.80847167968,0.021764919655736625,0.14732603707215075,0.16278025729206613,-0.04736328125,0.43640136718,0.007329066679907263,0.0854919669534596,0.04833076413862259,-0.17321777343,0.23425292968,0.009291057386489974,0.09625727082708171,1.0595978868074656,0.81990234475,1.42637014376,0.022417733465303995,0.1495191513612948,0.0028625170004186774,0.22567036885004654,0.053428749551664025,-0.00045540788485013317,-0.795210500418877,0.4118453026354392,stairs up
-1.0856408840236889,-1.43713378906,-0.85583496093,0.01382484213608309,0.11739971561776295,0.17191928770112805,-0.05700683593,0.49328613281,0.015454697400402968,0.12412727105887607,0.06689155392338414,-0.19482421875,0.27001953125,0.010108903268979669,0.10038965804274909,1.1124931251134147,0.87038529672,1.43762352143,0.014317905347889194,0.11947490614115715,0.0005335094031579248,0.13153382025006977,0.023062585503354053,8.248135306067787e-05,3.6050198848095985,1.507743881900664,stairs up
-1.0524925690492621,-1.52941894531,-0.74938964843,0.02560283904480763,0.1597901308988241,0.13099178459860655,-0.15637207031,0.42614746093,0.011550758324476362,0.1073275308366981,0.033312854870191255,-0.20678710937,0.2802734375,0.011449082471174944,0.10685411000555307,1.072052221733798,0.75837131425,1.5440348069,0.025252116196200918,0.15869190698711083,0.006663113374314721,0.2916192796000132,0.08151630601613426,-0.0006887340625729789,-1.134272085975654,0.004507884671923593,stairs up
-1.043615722652303,-1.44372558593,-0.77404785156,0.02641881143144178,0.16229218843525425,0.10141638553239395,-0.20568847656,0.26550292968,0.009197320718261532,0.09575724541473775,0.026070889559060603,-0.23327636718,0.22094726562,0.010554151184596908,0.10257762381864745,1.0583213261124849,0.78813224193,1.45319288874,0.026164381187262737,0.16150880837794876,0.004689123119249338,0.2895731835900506,0.06837334023763657,-0.000646476430169962,-0.36727901963432963,0.08829171317206089,stairs up
-0.4532755415188047,-1.57971191406,-0.11083984375,0.09239290660526235,0.3035185983273701,0.5160367648697668,0.04528808593,1.00415039062,0.054002607000666704,0.23204560973599417,0.5904697607250146,-0.19860839843,1.02612304687,0.13701678892387717,0.3696178067503732,1.0433079986889213,0.74652207148,1.60755462839,0.014544047506410078,0.12042277623251305,0.042484267123085284,1.0270040515499659,0.205816438327923,-0.0002838155074341293,0.47704337134064456,-0.40234991108878304,Null
-0.3004695592264045,-0.53515625,-0.11181640625,0.009202377224774143,0.09579419528628678,0.4299247827381179,0.22814941406,0.84460449218,0.024559436166570216,0.15649424585692293,0.837180834134354,0.23718261718,1.00891113281,0.03950430909363591,0.19847756027637112,1.022253433749747,0.82248279847,1.22572455971,0.004058660566917869,0.06361807789448157,0.04294765711725106,1.5585778621300506,0.20694689567849683,2.7740706793665233e-05,5.5649810163183435,0.5440120671158455,Null
-0.4055591851857465,-1.09899902343,0.04028320312,0.03417185713990157,0.18459577023159227,0.8340583049039718,0.44299316406,1.17834472656,0.0333444166650477,0.18234716540374288,-0.0880711515190704,-0.94885253906,0.763671875,0.14914381380042416,0.38564710601956814,1.0360479138045353,0.7541140433,1.62800107363,0.010572315369971667,0.10267684354281353,0.02181090651230336,0.7102140615800181,0.14747700613664919,0.0003902453439146574,1.5610090276829611,-0.9904472923366452,Null
-0.5565823800210857,-1.5185546875,1.10620117187,0.8167560130939309,0.9024535580765866,0.3150927734344571,-0.09033203125,1.22314453125,0.07164046338427382,0.2672747207388552,-0.049108886719171435,-0.69555664062,0.35949707031,0.0752155786538833,0.27386251477810264,1.1448064539426,0.44295086294,1.67398470276,0.06193309692410343,0.2485078373383946,0.007109586528518026,0.4736797344500019,0.08419782315565427,0.0006629895221962621,2.887848981801552,0.9866470640436231,Null
-0.3721998426635833,-1.27368164062,0.86694335937,0.3964057730998254,0.6287325710922935,0.47979227701433336,-0.12780761718,1.17102050781,0.09534915249708928,0.3083574123321068,-0.05753580729111113,-0.95397949218,0.8349609375,0.23665020027283834,0.4857909412549948,1.0365080462659166,0.50814688017,1.68611804129,0.024995628168437953,0.15788032134490373,0.020188393756094575,0.6679997298999751,0.14188838882921276,0.0005337862769495273,0.947751996978297,1.1406434021886958,Null
-0.28952658387650887,-0.42663574218,-0.21350097656,0.0017381756931592956,0.04162971488639731,0.5508527586411243,0.46423339843,0.92407226562,0.010926070836317742,0.10437310564966368,0.7788367638183727,0.07495117187,0.98498535156,0.033143187400526734,0.18178319678416252,1.0188413999955621,0.85636657909,1.19594977725,0.001489626963355351,0.038538549310922356,0.014277390377602913,0.8095200669499718,0.11931114607474516,-0.0002596365646354427,2.8134052139699097,0.073884541953167,Null
-0.29433701064189566,-0.3828125,-0.24865722656,0.0006974138394148973,0.026372293554573382,0.49598408793032966,0.45678710937,0.54125976562,0.0002756171826946389,0.016578902033376367,0.8512553120671978,0.79028320312,0.91015625,0.0005725264590793687,0.02389463505039966,1.0287185183480494,0.99246997266,1.08983320142,0.000485400598595026,0.0220015245032479,0.013290785829586491,0.4854750962199432,0.11512720217960225,-0.0008583557293421643,-0.5399914236440471,-0.6892562826153403,lift up
-0.2857064773748956,-0.36901855468,-0.23657226562,0.0007523626504605358,0.02738826010907675,0.48803893131659687,0.44738769531,0.52429199218,0.0003112199833551414,0.01761507787321573,0.8450563345349551,0.82019042968,0.87780761718,0.00016315317747753262,0.012754064178415911,1.0173657680030748,0.99040910582,1.04961575959,0.00012072661959278801,0.01097115498130686,0.09069860479897701,1.0363693209500298,0.30071225897043086,-0.0030372716666309672,-1.1810679375888113,-0.03640335908823815,lift up
-0.3576888118841265,-0.59753417968,-0.14697265625,0.00934543190140763,0.09652607425011302,0.6384887695273795,0.37622070312,1.08447265625,0.049720131333517895,0.22264404753280612,0.5241747017341566,-0.36584472656,0.93408203125,0.18052297103308257,0.4242395869605154,1.0231644581604518,0.91084209681,1.21182944765,0.002376845686644191,0.04867942597123798,0.021357333642931985,0.7318657197699849,0.1459212264364934,-0.0006901553224054996,0.6556398377511674,-0.8501560482066648,Null
-0.5450416296117073,-0.71508789062,-0.41638183593,0.0035012751844869933,0.05909134144569344,0.7833691935516802,0.59765625,0.94165039062,0.008144660369442653,0.09012540218561557,-0.3371148665067751,-0.74609375,-0.04052734375,0.02143874061861105,0.14622120588525775,1.027000338310813,0.8869342038,1.16042842305,0.0027172478994410302,0.0520565469849412,0.0028386437971926687,0.265733759800014,0.05320668186961352,0.00036898621757809765,3.810685525636776,-1.9511959056806558,Null
-0.6326965331995,-1.31872558593,-0.10217285156,0.04718779691865333,0.21690783591345264,0.686199592138,-0.19934082031,1.00134277343,0.06794899319814268,0.26028665585878225,-0.15860559799835294,-0.8505859375,0.47277832031,0.06384667090326965,0.2523071274797515,1.0332840630973528,0.68901962613,1.35715326629,0.007132581295719848,0.08433032144749787,0.006293891408419921,0.4702565692700773,0.07921729585829751,0.00025700042058521706,7.03861918495744,2.4959435338194567,Null
-0.2676731057342192,-1.20056152343,0.9755859375,0.3505715629122843,0.5912792004433338,0.4493575422698904,-0.45520019531,1.46887207031,0.1610327790861112,0.4007388094382485,0.13912203017945202,-0.91430664062,0.97351074218,0.2802501545302087,0.5286608987693909,1.019324539007589,0.28776900104,1.82418824441,0.04370829670086737,0.20877870567369364,0.03154957781060844,0.9155947114101082,0.17737852353407196,0.0008975135176146607,-0.07272544532958891,0.6674849380701228,Null
-0.26648278248854446,-0.32885742187,-0.16552734375,0.0009856621852574524,0.03135291715085884,0.4996508986440162,0.42077636718,0.54125976562,0.0003885068084679656,0.01968399401302945,0.8293611675545283,0.76135253906,0.8857421875,0.0007021735264527402,0.02646282062513448,1.004925910330027,0.94064879118,1.05165791014,0.000700589164304634,0.02643294882921419,0.05819305354631988,1.041372490540084,0.2409070338420006,0.002123822183896194,-0.8990023128283391,0.22693433437601648,lift down
-0.2797775943682006,-0.32250976562,-0.21801757812,0.00044296513025035426,0.021015671496533384,0.4776384471754572,0.43188476562,0.52941894531,0.0003453837560794745,0.018557072100431067,0.8515581789230088,0.82556152343,0.88562011718,0.00015951796992602225,0.012611400217361459,1.0160660573464309,0.98990984683,1.04307577034,0.00012051402022452039,0.010961684251965448,0.061622064716769516,0.8806169255300347,0.24787151654567968,0.00242859545318973,-1.0635453598249023,0.225164541358199,lift down
-0.27142405370125733,-0.62573242187,-0.0048828125,0.011204560109195868,0.10569672765763163,0.32610191657166665,-0.04418945312,0.54040527343,0.020512781432854347,0.14301329497559248,0.9219471000056726,0.73852539062,1.16564941406,0.006614904017863186,0.08121306664108646,1.0312092695830992,0.858632877,1.20085584623,0.004942222992691944,0.07019809148594332,0.04428146407130618,0.9990463842499366,0.2101237399871452,-1.8128206726793497e-05,-0.005725091736280774,0.19570434352274887,Null
-0.2627195897856023,-0.34423828125,-0.15405273437,0.001741330395905835,0.041670765768423636,0.14862693123705883,0.00988769531,0.23315429687,0.002080459201754104,0.04554812383559248,0.9709688074411484,0.9267578125,1.03295898437,0.00044515301514429104,0.021069078953077226,1.018725101122857,0.97024490778,1.08390940501,0.00034710358458197677,0.018604604420238768,0.003380837675433193,0.3544459412599963,0.0580634785548417,-3.515407602754747e-05,2.107312396314649,0.2818011265372193,Null
-0.2590901235477528,-0.28833007812,-0.23010253906,0.00016262365880747592,0.012734474892084001,0.16752161604227528,0.14050292968,0.19567871093,0.00015253019797078246,0.012332953513189977,0.9713069615701123,0.95715332031,0.99267578125,5.998074110429789e-05,0.007733838366327346,1.0192813819570226,1.00036731321,1.04066624602,6.212612479068018e-05,0.007870934709689156,0.0009850545618672521,0.12611024032003115,0.03134146701529773,-5.3272213953335227e-05,-0.6565417139283172,0.24934382850325862,Null
-0.22684377750484508,-0.41577148437,-0.11340332031,0.005245465980771079,0.07232350945758831,0.17264730963563382,0.07946777343,0.27893066406,0.001763892211490348,0.041939521945719,0.9749487648511549,0.91088867187,1.03381347656,0.0004206971959802037,0.0204819953485083,1.0193111407361974,0.98873742322,1.06474261765,0.0002047878952125062,0.014290242401794604,0.005874926302334781,0.3881720275500129,0.07654003667466583,6.981730162763563e-05,0.5201509194941454,-0.35542684784158585,Null
-0.18034069517805015,-0.30493164062,0.07727050781,0.005489892707132157,0.0739905434963783,0.20071419633128132,-0.03686523437,0.50476074218,0.007986391782542712,0.08924206164067619,0.9785635690465737,0.7998046875,1.10485839843,0.0017959631863340225,0.042319741296039756,1.0221408399985237,0.94812109947,1.17387304997,0.0008882335388185561,0.02976170947187245,0.015163146180297108,0.9069979228700049,0.12296710537500434,-0.0001008767331020418,6.06836583483272,0.8664577358623524,Null
-0.2718495425981482,-0.6962890625,-0.08020019531,0.010198193319111044,0.10084214712752905,0.4520573194852137,0.240234375,0.84204101562,0.018012573992815393,0.134019610946279,0.8496201561346723,0.22009277343,1.14611816406,0.02318333005333322,0.1520436801710676,1.0240151533408262,0.83618112383,1.27727334531,0.0027609106288817367,0.05246946527871435,0.028097568958271014,0.9527334272099779,0.1673843448601417,0.00017621808829948406,2.3157401114061145,-0.8332207537900208,Null
-0.3312774658168889,-0.66271972656,0.05236816406,0.016333938639977834,0.1276266687969255,0.3707729763416111,0.01342773437,0.94543457031,0.05002587394981209,0.22335378480975063,0.8254957410988889,0.11901855468,1.02587890625,0.06235451143145538,0.24936179429747632,1.0268290497514723,0.84280885199,1.18120463501,0.0026468170058035543,0.05137572127321415,0.05731590637262055,1.0927496720499903,0.2390746651604588,0.0005066337767965427,0.4492151282835093,-0.5177238443180149,Null
-0.29241288779060864,-0.46472167968,-0.18347167968,0.003341496998223786,0.05772184594829075,0.2537328747694493,0.15930175781,0.33996582031,0.001093402074258027,0.033018673396782106,0.943175384960145,0.88598632812,0.98754882812,0.00034211940855438276,0.018469644233032885,1.0217356058801739,0.98550844786,1.06918342931,0.000285827692981094,0.016881919526951967,0.006962025138268588,0.33120988271002716,0.08331773733881108,9.332781718535993e-05,-0.5305018483639046,-0.3122193563343776,Null
-0.29787049861130194,-0.77038574218,-0.12609863281,0.012633576298373484,0.1122433973209351,0.24588038055842104,0.0546875,0.39660644531,0.002854956357858449,0.05335773506712209,0.9368149184090029,0.70288085937,1.02062988281,0.002672675570972012,0.05162627274493498,1.0213796387925762,0.88227869453,1.22715561491,0.0017493613571366545,0.04176739734291683,0.016209877593769996,0.7845245662500702,0.12714155451996806,0.000272570276492047,6.09984279494274,1.8364745512211529,Null
-0.2598728255533145,-0.41906738281,-0.01257324218,0.003503239195600455,0.059104272309577134,0.27033974968668556,0.14221191406,0.38732910156,0.0023885381530327947,0.0488033990209566,0.948850810017422,0.78271484375,1.0947265625,0.001558150881426358,0.0394174689226301,1.023089818989037,0.8647579664,1.20791132178,0.0016560626885042825,0.04063706796492754,0.014115949644348353,0.7512319363199822,0.1186421557391962,0.00013003225006266226,3.0680053525291466,-0.8805758659319696,Null
-0.3402703216696133,-1.04956054687,0.52404785156,0.11359084042394059,0.33656656633115056,0.7130733932540055,0.09558105468,1.26831054687,0.06809106339100748,0.2605819766039304,-0.10836168152138119,-0.9951171875,1.12048339843,0.26370802645973507,0.5128153188512609,1.029948149634199,0.64467786797,1.6515868823,0.019419836372186236,0.13916246051057374,0.032109103399288165,1.0351736712700585,0.17894246063644914,0.0007468905162045934,3.2088609279988844,-1.7273107944256731,Null
-0.30423699408888255,-1.21020507812,0.73706054687,0.2599236451568952,0.5090961385291861,0.2539758545615759,-0.32080078125,1.455078125,0.23017621312131278,0.47907899392969644,0.22139357427372497,-0.81555175781,0.91333007812,0.3919319805337747,0.6251471556864866,1.0269355895010601,0.4849322559,1.83352695241,0.031045540622155678,0.17594483487265908,0.009564589492409854,0.6282679553800108,0.09765850598825755,4.435162946566984e-05,10.873255059852957,2.886532842230669,Null
-0.5071504896928116,-0.54040527343,-0.46533203125,0.0002742940003067668,0.016537803519011036,-0.3146392379944348,-0.34814453125,-0.27783203125,0.00026926103894567684,0.016385376778277762,0.8234134397605218,0.79809570312,0.86572265625,0.00020300168098841092,0.01422720177402708,1.0171256612410724,0.9932087951,1.06751864616,0.00041013288485482885,0.020222366179164966,0.04261682644474938,0.6288420130699706,0.2061390293262685,-0.002049239390249909,-1.3885348155515735,-0.18163935746250282,lift up
-0.49780878744460055,-0.62951660156,-0.33679199218,0.003095543150249696,0.05556091686760684,-0.29816228692771346,-0.44873046875,-0.1337890625,0.003518540473927755,0.05923552586888856,0.8230326839014878,0.73547363281,0.8974609375,0.00114239726664235,0.033752780133408926,1.010698603638843,0.96653842746,1.06455163762,0.000318169421346428,0.017812717972367508,0.06796133827177714,0.9024561182700381,0.26033462496222826,-0.0024780063165003876,-1.27239975339077,0.043922432346306176,lift up
-0.7321135220421097,-1.29248046875,-0.19934082031,0.0836316027404803,0.28879486675101973,0.1878879494850959,-0.41918945312,1.1123046875,0.19122179357576857,0.43668970476861885,0.2318713880547123,-0.57922363281,1.13488769531,0.2013739727012935,0.44813197072630667,1.0438707139841918,0.79648062352,1.3159274637,0.01085183021211913,0.10402931880216312,0.023611273494352946,0.9487903111399874,0.1534489656981124,-0.00041036511047287135,6.056074547437133,1.892482943310041,Null
-1.0684315240166269,-1.43054199218,-0.83703613281,0.014615720839498657,0.120714919633272,0.10938629605617912,-0.18322753906,0.32800292968,0.008198770850573514,0.0904118184074183,0.06596679687328358,-0.240234375,0.30151367187,0.012579053122218731,0.11198885529334426,1.0855497643170449,0.84537439807,1.44395718821,0.014776612486630513,0.12137752343669583,0.0009727564452161171,0.22970145151998622,0.03114245806986633,-1.2711930364314346e-05,13.872212357088937,2.8495909115822475,Null
-0.795250270674701,-1.39392089843,0.220703125,0.19583171486915937,0.4419271019863552,0.37952290410209244,-0.01940917968,1.07531738281,0.08164311908969424,0.28534411293702916,-0.1780458533243478,-1.13049316406,0.25085449218,0.1364025330251851,0.36882499097546445,1.0957256135419566,0.66307324044,1.41371332778,0.019710844538807636,0.140204430961566,0.009632671237549982,0.6470745909499556,0.09801273131839262,-0.0001448034242438905,7.385311667385096,1.8107508948738882,Null
-1.1575649458548634,-1.54711914062,-0.88708496093,0.018339465844939354,0.13521731689269648,0.1650858128300912,-0.10766601562,0.59887695312,0.027920531233212878,0.16684024213791396,0.03779170723133738,-0.19641113281,0.23791503906,0.007218353613708493,0.08483167644912097,1.1832776268133132,0.88815615434,1.58547251795,0.020814394811878405,0.1440525222762598,0.00047050208356272746,0.10979146353997749,0.021658069767278423,-6.322555020261043e-05,2.093969221953061,1.287070491515305,Null
-0.7759653452260812,-1.55029296875,0.46008300781,0.4329727100001504,0.6571168187519145,0.41166167387867575,-0.15808105468,1.24597167968,0.15748222927724265,0.3963036735012021,0.16040665909767565,-0.18493652343,0.67150878906,0.03283864946262061,0.18096932435074425,1.1748358357284054,0.83170908748,1.58547251795,0.03879246206847182,0.1966916815129579,0.00036720203417167597,0.10759176613998989,0.019136603571205685,-2.380652495928671e-05,0.5846590921503196,0.7905526311857183,Null
-0.2715241188224418,-1.42065429687,0.50244140625,0.38637246766863725,0.6206845349213486,0.651717075078314,0.00927734375,1.16320800781,0.06583253217535917,0.25620530543943565,0.013015392214360455,-0.82006835937,0.69055175781,0.15211859131793395,0.38945652659907287,1.0408493895802615,0.6924390891,1.44184043981,0.01788125863708653,0.13352632037943585,0.0014342984099527912,0.16159252441002536,0.03781704559892054,6.031824811956377e-05,0.8923925478170678,1.2564761419004222,Null
0.08306713318384833,-1.45825195312,0.97387695312,0.3096869836752489,0.555713124208646,0.4622929605174157,-0.78466796875,1.11413574218,0.13952105696474335,0.3730001928731159,0.20079503434429777,-0.86145019531,0.96630859375,0.2853526495796645,0.5334333109144992,0.984573026536264,0.59703153484,1.60187468393,0.024114586291457085,0.15507046362707114,0.0461164067127187,1.2638246609400312,0.21444548548389764,-5.350988660082881e-05,3.3391179920976386,1.2190124202334964,Null
