Time,Timestamp,Pressure
16:18:13,0.24099731445,975.62742356700
16:18:13,0.32083129882,975.63960864166
16:18:13,0.48086547851,975.64101034729
16:18:13,0.56082153320,975.72970607287
16:18:13,0.72088623046,975.68800655399
16:18:14,0.88079833984,975.63503897146
16:18:14,0.95278930664,975.59361090428
16:18:14,1.12078857421,975.58178690303
16:18:14,1.20077514648,975.59227593661
16:18:14,1.36077880859,975.64225265086
16:18:14,1.44073486328,975.72651401286
16:18:14,1.60067749023,975.65086664209
16:18:14,1.68075561523,975.58633713736
16:18:15,1.84063720703,975.54630955482
16:18:15,1.92074584960,975.51712250346
16:18:15,2.08059692382,975.51576598390
16:18:15,2.24044799804,975.57590283230
16:18:15,2.32055664062,975.71615784824
16:18:15,2.48043823242,975.68654071577
16:18:15,2.56051635742,975.59460179941
16:18:15,2.72036743164,975.53590854850
16:18:16,2.80044555664,975.49345707610
16:18:16,2.96032714843,975.49040376225
16:18:16,3.04031372070,975.56607013835
16:18:16,3.20031738281,975.64901403898
16:18:16,3.28039550781,975.67655023462
16:18:16,3.44027709960,975.59951843442
16:18:16,3.60031127929,975.55199829527
16:18:16,3.68026733398,975.50482209000
16:18:17,3.84033203125,975.49890645290
16:18:17,3.92016601562,975.54619836658
16:18:17,4.08029174804,975.63267146940
16:18:17,4.16012573242,975.68946767973
16:18:17,4.32022094726,975.64335909051
16:18:17,4.40008544921,975.57383353865
16:18:17,4.56021118164,975.53284011441
16:18:17,4.72018432617,975.49409019208
16:18:18,4.80010986328,975.51197704290
16:18:18,4.96017456054,975.57883501311
16:18:18,5.04016113281,975.63296192898
16:18:18,5.20007324218,975.65697355822
16:18:18,5.28015136718,975.61784838431
16:18:18,5.44003295898,975.59365734479
16:18:18,5.52005004882,975.55845309293
16:18:18,5.67996215820,975.53436768419
16:18:18,5.76000976562,975.57393744751
16:18:19,5.91995239257,975.60010604135
16:18:19,6.07980346679,975.66913239100
16:18:19,6.15994262695,975.65468018464
16:18:19,6.31982421875,975.62789771595
16:18:19,6.39990234375,975.57662023379
16:18:19,6.55978393554,975.53796833592
16:18:19,6.63989257812,975.49933656710
16:18:20,6.79974365234,975.54449868314
16:18:20,6.87985229492,975.59008965355
16:18:20,7.03961181640,975.68516345142
16:18:20,7.11978149414,975.69414708919
16:18:20,7.27960205078,975.65982346923
16:18:20,7.43972778320,975.56169468865
16:18:20,7.51953125,975.52978711191
16:18:20,7.6796875,975.54482010636
16:18:20,7.75952148437,975.61748542234
16:18:21,7.91967773437,975.64714029564
16:18:21,7.99938964843,975.64827159778
16:18:21,8.15963745117,975.61131254296
16:18:21,8.23950195312,975.54581964884
16:18:21,8.39956665039,975.49101888831
16:18:21,8.5595703125,975.48076541425
16:18:21,8.63955688476,975.55318309029
16:18:22,8.79953002929,975.65436621990
16:18:22,8.87945556640,975.64262333558
16:18:22,9.03939819335,975.62299767696
16:18:22,9.11935424804,975.56915169789
16:18:22,9.27941894531,975.51921400592
16:18:22,9.35934448242,975.50450168784
16:18:22,9.51937866210,975.55276549158
16:18:22,9.59927368164,975.61066398502
16:18:22,9.75933837890,975.68967009377
16:18:23,9.91934204101,975.63079021780
16:18:23,9.99929809570,975.55023881251
16:18:23,10.15118408203,975.49907406760
16:18:23,10.23934936523,975.47859774236
16:18:23,10.39920043945,975.52119474405
16:18:23,10.47930908203,975.60978076269
16:18:23,10.63919067382,975.67400660649
16:18:23,10.71926879882,975.64376908956
16:18:24,10.87905883789,975.58090336028
16:18:24,10.95919799804,975.51645088972
16:18:24,11.11907958984,975.48519075375
16:18:24,11.27902221679,975.49373952611
16:18:24,11.35906982421,975.57682641828
16:18:24,11.51898193359,975.64750562648
16:18:24,11.59896850585,975.66112777235
16:18:24,11.75891113281,975.61545328254
16:18:25,11.83892822265,975.54588987250
16:18:25,11.99887084960,975.50414984437
16:18:25,12.07885742187,975.48904698851
16:18:25,12.23886108398,975.53501896943
16:18:25,12.39892578125,975.60760311603
16:18:25,12.47879028320,975.66588966677
16:18:25,12.63885498046,975.61012849664
16:18:25,12.71871948242,975.54515336048
16:18:26,12.87884521484,975.50144562928
16:18:26,12.95867919921,975.49465134851
16:18:26,13.11880493164,975.57097502453
16:18:26,13.19863891601,975.65698107575
16:18:26,13.35870361328,975.66153513917
16:18:26,13.43856811523,975.59221301347
16:18:26,13.59872436523,975.53483141073
16:18:26,13.75857543945,975.49428171841
16:18:27,13.83874511718,975.48283532146
16:18:27,13.99856567382,975.51510979061
16:18:27,14.07864379882,975.57628450022
16:18:27,14.23855590820,975.66567575088
16:18:27,14.31866455078,975.64434678247
16:18:27,14.47860717773,975.56865158994
16:18:27,14.55862426757,975.51980102901
16:18:27,14.71844482421,975.50469895804
16:18:28,14.79846191406,975.52203677170
16:18:28,14.95849609375,975.59215869764
16:18:28,15.11834716796,975.66165335318
16:18:28,15.19848632812,975.74246828614
16:18:28,15.35830688476,975.67735955386
16:18:28,15.43838500976,975.53749067717
16:18:28,15.59829711914,975.47442323876
16:18:28,15.67834472656,975.46922463188
16:18:29,15.83825683593,975.49988844136
16:18:29,15.91833496093,975.56293676954
16:18:29,16.07821655273,975.63983194673
16:18:29,16.23831176757,975.61774297660
16:18:29,16.31820678710,975.55930463603
16:18:29,16.47824096679,975.51315274224
16:18:29,16.55819702148,975.48792680557
16:18:29,16.71801757812,975.48532158678
16:18:30,16.79809570312,975.51223143092
16:18:30,16.95791625976,975.57705444495
16:18:30,17.0380859375,975.71167038487
16:18:30,17.19793701171,975.64745508320
16:18:30,17.27801513671,975.57974749345
16:18:30,17.43804931640,975.51043252709
16:18:30,17.59799194335,975.49452108819
16:18:30,17.67794799804,975.49749236962
16:18:31,17.83804321289,975.53097550216
16:18:31,17.91787719726,975.59589103326
16:18:31,18.07797241210,975.66744674490
16:18:31,18.15789794921,975.61150155496
16:18:31,18.31796264648,975.58357526278
16:18:31,18.39770507812,975.53669433946
16:18:31,18.55792236328,975.52100104497
16:18:31,18.6376953125,975.52007339222
16:18:32,18.7978515625,975.55517033618
16:18:32,18.95782470703,975.58668290944
16:18:32,19.03784179687,975.60471350509
16:18:32,19.19775390625,975.59265784296
16:18:32,19.27783203125,975.59208005297
16:18:32,19.43768310546,975.57074793417
16:18:32,19.51779174804,975.55388870044
16:18:32,19.67764282226,975.54408173165
16:18:32,19.75759887695,975.54498443299
16:18:33,19.91760253906,975.58449860206
16:18:33,20.07754516601,975.62948902662
16:18:33,20.15756225585,975.64261851628
16:18:33,20.31750488281,975.61679459787
16:18:33,20.39749145507,975.55740218591
16:18:33,20.55743408203,975.54522676004
16:18:33,20.63748168945,975.53810876505
16:18:34,20.79736328125,975.54099194847
16:18:34,20.87741088867,975.57400156333
16:18:34,21.03732299804,975.62088076413
16:18:34,21.11743164062,975.63939494031
16:18:34,21.27728271484,975.64060354899
16:18:34,21.43740844726,975.58584978586
16:18:34,21.51724243164,975.55337788713
16:18:34,21.67736816406,975.54265526368
16:18:34,21.75717163085,975.54331224448
16:18:35,21.91729736328,975.58992104196
16:18:35,21.99716186523,975.65210681874
16:18:35,22.15731811523,975.63200870920
16:18:35,22.23709106445,975.60181184692
16:18:35,22.39718627929,975.57353440674
16:18:35,22.47708129882,975.54325725129
16:18:35,22.63717651367,975.51792347662
16:18:36,22.79718017578,975.54901010294
16:18:36,22.87722778320,975.59472098416
16:18:36,23.03717041015,975.65953863500
16:18:36,23.1171875,975.63199536494
16:18:36,23.27709960937,975.60178997186
16:18:36,23.35714721679,975.56902462843
16:18:36,23.51705932617,975.54826701255
16:18:36,23.59704589843,975.53552477153
16:18:36,23.75701904296,975.55659996390
16:18:37,23.91696166992,975.60477346409
16:18:37,23.99688720703,975.65324561317
16:18:37,24.15689086914,975.63548774729
16:18:37,24.23690795898,975.60283862217
16:18:37,24.39691162109,975.57361282319
16:18:37,24.47689819335,975.56231777291
16:18:37,24.63684082031,975.55159001186
16:18:37,24.71676635742,975.58191220291
16:18:38,24.87677001953,975.68764103359
16:18:38,24.95690917968,975.67147793796
16:18:38,25.11669921875,975.62117123324
16:18:38,25.27667236328,975.57735108950
16:18:38,25.35671997070,975.54027109959
16:18:38,25.5166015625,975.53110512238
16:18:38,25.59664916992,975.51654140380
16:18:38,25.75653076171,975.55713030244
16:18:39,25.83663940429,975.65639561578
16:18:39,25.99652099609,975.64442139823
16:18:39,26.07659912109,975.59951499328
16:18:39,26.23645019531,975.54682148522
16:18:39,26.31649780273,975.51600514742
16:18:39,26.47644042968,975.51426377284
16:18:39,26.63653564453,975.55905912993
16:18:39,26.71640014648,975.62780678392
16:18:40,26.87652587890,975.66067530730
16:18:40,26.95639038085,975.62241622769
16:18:40,27.11642456054,975.55792365732
16:18:40,27.19622802734,975.52099174507
16:18:40,27.35635375976,975.51243167069
16:18:40,27.43618774414,975.53859573250
16:18:40,27.59631347656,975.62421910762
16:18:40,27.75634765625,975.67835633308
16:18:41,27.83636474609,975.63944949991
16:18:41,27.98818969726,975.58620369398
16:18:41,28.07632446289,975.54268166985
16:18:41,28.23623657226,975.52822106403
16:18:41,28.31631469726,975.52861543154
16:18:41,28.47619628906,975.57599376141
16:18:41,28.55621337890,975.64770006539
16:18:41,28.71609497070,975.65302470362
16:18:42,28.79602050781,975.59550790793
16:18:42,28.95608520507,975.54386536870
16:18:42,29.11602783203,975.51953968239
16:18:42,29.19607543945,975.51542659616
16:18:42,29.35598754882,975.51370677693
16:18:42,29.43600463867,975.54743409906
16:18:42,29.59591674804,975.63718124392
16:18:42,29.67593383789,975.62792499557
16:18:43,29.83590698242,975.60320455148
16:18:43,29.91592407226,975.55418876252
16:18:43,30.07574462890,975.51516015465
16:18:43,30.15600585937,975.51575647943
16:18:43,30.31576538085,975.52258825135
16:18:43,30.47589111328,975.57536751974
16:18:43,30.55569458007,975.62770138861
16:18:43,30.71585083007,975.65006163150
16:18:44,30.79559326171,975.97087430339
16:18:44,30.95584106445,975.80212674779
16:18:44,31.03561401367,975.71056682042
16:18:44,31.19558715820,975.71048850815
16:18:44,31.27551269531,975.68263481304
16:18:44,31.43572998046,975.59841915867
16:18:44,31.59564208984,975.57284311330
16:18:44,31.67575073242,975.57172787342
16:18:45,31.83560180664,975.59621348090
16:18:45,31.91574096679,975.60823443521
16:18:45,32.07565307617,975.61189079961
16:18:45,32.15560913085,975.64667252145
16:18:45,32.31558227539,975.68539107685
16:18:45,32.39556884765,975.67275730137
16:18:45,32.55557250976,975.63290122007
16:18:45,32.63537597656,975.59133466896
16:18:46,32.79550170898,975.56380398303
16:18:46,32.95547485351,975.55034407879
16:18:46,33.03549194335,975.56735652186
16:18:46,33.19546508789,975.56043055785
16:18:46,33.27542114257,975.57215772538
16:18:46,33.43542480468,975.60209519767
16:18:46,33.51541137695,975.63783089853
16:18:46,33.67529296875,975.62614030296
16:18:46,33.75531005859,975.58660258460
16:18:47,33.91525268554,975.55611418834
16:18:47,33.99533081054,975.52044473056
16:18:47,34.15521240234,975.50790816849
16:18:47,34.31500244140,975.50459141164
16:18:47,34.39520263671,975.52037261608
16:18:47,34.55505371093,975.53330637155
16:18:47,34.63516235351,975.51057045573
16:18:48,34.79501342773,975.53830411564
16:18:48,34.87512207031,975.55037068716
16:18:48,35.03500366210,975.53089492434
16:18:48,35.11502075195,975.50658759586
16:18:48,35.27499389648,975.51865156857
16:18:48,35.43508911132,975.56963883443
16:18:48,35.51495361328,975.60563876063
16:18:48,35.67504882812,975.61404704743
16:18:48,35.7548828125,975.64410634280
16:18:49,35.91491699218,975.82191628684
16:18:49,35.99487304687,975.80097024799
16:18:49,36.15496826171,975.69125885182
16:18:49,36.23480224609,975.58139047850
16:18:49,36.39483642578,975.52002496754
16:18:49,36.47467041015,975.54599492809
16:18:49,36.63488769531,975.50891959245
16:18:50,36.79483032226,975.52650255309
16:18:50,36.87484741210,975.54135730828
16:18:50,37.03479003906,975.53251848232
16:18:50,37.11480712890,975.51835192881
16:18:50,37.27474975585,975.53231166451
16:18:50,37.35470581054,975.53320613724
16:18:50,37.51473999023,975.51060406701
16:18:50,37.59469604492,975.49782741200
16:18:50,37.75466918945,975.51784040424
16:18:51,37.83468627929,975.53260623506
16:18:51,37.99465942382,975.50120783402
16:18:51,38.15447998046,975.49617653258
16:18:51,38.23461914062,975.51051017851
16:18:51,38.38629150390,975.54881442675
16:18:51,38.47451782226,975.58918330477
16:18:51,38.63442993164,975.56925079437
16:18:51,38.71450805664,975.53365420770
16:18:52,38.87423706054,975.51707049535
16:18:52,38.95449829101,975.51902774295
16:18:52,39.11428833007,975.52987444004
16:18:52,39.27444458007,975.51877928109
16:18:52,39.35427856445,975.50482741503
16:18:52,39.51437377929,975.53363833399
16:18:52,39.59423828125,975.54973168302
16:18:52,39.75436401367,975.58057458890
16:18:53,39.83419799804,975.54438211215
16:18:53,39.99429321289,975.51546785887
16:18:53,40.07418823242,975.50598371583
16:18:53,40.23428344726,975.59816897563
16:18:53,40.31414794921,975.68560701644
16:18:53,40.47421264648,975.65324931460
16:18:53,40.63424682617,975.61909478966
16:18:53,40.71408081054,975.69089510925
16:18:54,40.87417602539,975.67791141437
16:18:54,40.95404052734,975.64352731308
16:18:54,41.11410522460,975.56792844362
16:18:54,41.19406127929,975.50117382869
16:18:54,41.35409545898,975.48121258261
16:18:54,41.43804931640,975.51876935546
16:18:54,41.59408569335,975.52192006771
16:18:54,41.67388916015,975.51825487174
16:18:55,41.83401489257,975.53341822821
16:18:55,41.99392700195,975.62256234399
16:18:55,42.07391357421,975.66986168098
16:18:55,42.23388671875,975.59247132708
16:18:55,42.31393432617,975.55565341074
16:18:55,42.47378540039,975.51608002429
16:18:55,42.55389404296,975.53839121423
16:18:55,42.71380615234,975.55999591517
16:18:56,42.79385375976,975.54293362867
16:18:56,42.95373535156,975.54882831802
16:18:56,43.11367797851,975.62980978413
16:18:56,43.19360351562,975.64725206421
16:18:56,43.35357666015,975.57541312084
16:18:56,43.43374633789,975.53524961740
16:18:56,43.59353637695,975.49730004779
16:18:56,43.67364501953,975.50648380554
16:18:57,43.83352661132,975.56141984976
16:18:57,43.91366577148,975.55974449916
16:18:57,44.07348632812,975.59474557188
16:18:57,44.15356445312,975.57960778458
16:18:57,44.31341552734,975.59378539656
16:18:57,44.47354125976,975.61805496637
16:18:57,44.55340576171,975.56028074789
16:18:57,44.71356201171,975.55433813502
16:18:58,44.79336547851,975.56460027911
16:18:58,44.95349121093,975.60293861442
16:18:58,45.03332519531,975.57549743663
16:18:58,45.19348144531,975.57276188390
16:18:58,45.27328491210,975.58612902654
16:18:58,45.43328857421,975.61727615663
16:18:58,45.51318359375,975.59966489733
16:18:58,45.67340087890,975.56448751773
16:18:59,45.83328247070,975.54135960930
16:18:59,45.91329956054,975.55384098612
16:18:59,46.07330322265,975.58007152506
16:18:59,46.15328979492,975.57491348192
16:18:59,46.31320190429,975.58016740198
16:18:59,46.39324951171,975.62378758784
16:18:59,46.55322265625,975.66311240074
16:18:59,46.63314819335,975.59993325060
16:19:00,46.79312133789,975.54869761515
16:19:00,46.95303344726,975.53925371147
16:19:00,47.03314208984,975.57056965464
16:19:00,47.19293212890,975.49830752482
16:19:00,47.27310180664,975.53889274075
16:19:00,47.43286132812,975.60612088217
16:19:00,47.51306152343,975.49667780106
16:19:00,47.67291259765,975.46523588957
16:19:00,47.75305175781,975.45403036584
16:19:01,47.91284179687,975.49509393476
16:19:01,47.98489379882,975.52976592816
16:19:01,48.15283203125,975.51562373093
16:19:01,48.31295776367,975.54106052211
16:19:01,48.39282226562,975.55362480710
16:19:01,48.55291748046,975.59715251270
16:19:01,48.63275146484,975.57709955961
16:19:02,48.79272460937,975.52113683941
16:19:02,48.87271118164,975.53134105764
16:19:02,49.03268432617,975.60385770747
16:19:02,49.11276245117,975.59048585418
16:19:02,49.27264404296,975.57726475469
16:19:02,49.35272216796,975.60607541664
16:19:02,49.51257324218,975.66952002933
16:19:02,49.67263793945,975.61463453346
16:19:02,49.75253295898,975.56149051991
16:19:03,49.91265869140,975.54926136767
16:19:03,49.99249267578,975.56185151162
16:19:03,50.15261840820,975.58572182464
16:19:03,50.23239135742,975.59918467087
16:19:03,50.39254760742,975.59868749997
16:19:03,50.47241210937,975.65761129050
16:19:03,50.63256835937,975.62534416509
16:19:04,50.79238891601,975.56758198035
16:19:04,50.87252807617,975.51438755443
16:19:04,51.03240966796,975.51872517583
16:19:04,51.11242675781,975.56710596289
16:19:04,51.27236938476,975.56566998766
16:19:04,51.35244750976,975.55316743822
16:19:04,51.51226806640,975.54857259904
16:19:04,51.59240722656,975.61186906186
16:19:04,51.75225830078,975.61494613295
16:19:05,51.83230590820,975.56033641996
16:19:05,51.99224853515,975.51079275568
16:19:05,52.15216064453,975.51314311754
16:19:05,52.23220825195,975.55036548329
16:19:05,52.39208984375,975.55332838040
16:19:05,52.47216796875,975.53810167321
16:19:05,52.63201904296,975.55560317698
16:19:05,52.71212768554,975.55738377357
16:19:06,52.87197875976,975.54509844080
16:19:06,52.95208740234,975.52358613249
16:19:06,53.11196899414,975.52862364051
16:19:06,53.19201660156,975.55742582494
16:19:06,53.35192871093,975.56281645484
16:19:06,53.51205444335,975.57456039081
16:19:06,53.59176635742,975.57387818329
16:19:06,53.75201416015,975.60224923535
16:19:07,53.83175659179,975.64516914936
16:19:07,53.99194335937,975.60485694046
16:19:07,54.07177734375,975.56392259976
16:19:07,54.23190307617,975.56425491757
16:19:07,54.31173706054,975.56969509059
16:19:07,54.47189331054,975.60225387075
16:19:07,54.63189697265,975.59749630776
16:19:07,54.71182250976,975.57403323797
16:19:08,54.87179565429,975.60529239835
16:19:08,54.95181274414,975.63222035330
16:19:08,55.11175537109,975.61158269270
16:19:08,55.19177246093,975.56892833354
16:19:08,55.35171508789,975.52534607940
16:19:08,55.43170166015,975.53124882760
16:19:08,55.59170532226,975.53881232071
16:19:08,55.67172241210,975.54425532247
16:19:09,55.83166503906,975.55728237445
16:19:09,55.99148559570,975.56607480910
16:19:09,56.07153320312,975.61993068947
16:19:09,56.23153686523,975.57125175012
16:19:09,56.3115234375,975.53353844234
16:19:09,56.47149658203,975.52405449129
16:19:09,56.55154418945,975.54662674220
16:19:09,56.71145629882,975.55206084257
16:19:10,56.79150390625,975.55120588992
16:19:10,56.95144653320,975.59998850572
16:19:10,57.03146362304,975.66864942682
16:19:10,57.19140625,975.63938878077
16:19:10,57.35125732421,975.58371227307
16:19:10,57.43136596679,975.56794381841
16:19:10,57.59115600585,975.55734283983
16:19:10,57.67129516601,975.58049210215
16:19:11,57.83117675781,975.57421933380
16:19:11,57.91125488281,975.57142332891
16:19:11,58.06301879882,975.60069676054
16:19:11,58.15121459960,975.61865123329
16:19:11,58.31112670898,975.62202219839
16:19:11,58.47119140625,975.58505338257
16:19:11,58.55105590820,975.54362724810
16:19:11,58.71109008789,975.55003973758
16:19:12,58.79104614257,975.60625423647
16:19:12,58.95114135742,975.64073110878
16:19:12,59.03100585937,975.65300232783
16:19:12,59.19110107421,975.63375631533
16:19:12,59.27081298828,975.60424989029
16:19:12,59.43106079101,975.60821758762
16:19:12,59.51086425781,975.55915365407
16:19:12,59.67102050781,975.51158111081
16:19:13,59.83096313476,975.50656277836
16:19:13,59.91094970703,975.53942338279
16:19:13,60.07089233398,975.55460454936
16:19:13,60.15093994140,975.53939906130
16:19:13,60.31088256835,975.55520398778
16:19:13,60.39086914062,975.58913615482
16:19:13,60.55084228515,975.59890962686
16:19:13,60.63082885742,975.57885560786
16:19:14,60.79077148437,975.54243358722
16:19:14,60.87084960937,975.70320853525
16:19:14,61.03067016601,975.51568485579
16:19:14,61.19058227539,975.47294021921
16:19:14,61.27069091796,975.44984567255
16:19:14,61.43054199218,975.43929473255
16:19:14,61.51065063476,975.56611567127
16:19:14,61.67050170898,975.61181359208
16:19:14,61.75061035156,975.55211629651
16:19:15,61.91046142578,975.45762709468
16:19:15,61.99050903320,975.44586208386
16:19:15,62.15042114257,975.49621147409
16:19:15,62.310546875,975.47516221093
16:19:15,62.39035034179,975.48852659557
16:19:15,62.55044555664,975.57494262177
16:19:15,62.63040161132,975.60609888741
16:19:16,62.79049682617,975.53680829416
16:19:16,62.87030029296,975.50123025821
16:19:16,63.03042602539,975.55190443651
16:19:16,63.11026000976,975.57113411345
16:19:16,63.27038574218,975.54087325918
16:19:16,63.35028076171,975.58769306538
16:19:16,63.51034545898,975.66382837438
16:19:16,63.67037963867,975.58603322229
16:19:16,63.75027465820,975.51555671035
16:19:17,63.91033935546,975.50915359597
16:19:17,63.99029541015,975.57484729838
16:19:17,64.15032958984,975.56440396090
16:19:17,64.23022460937,975.60918824854
16:19:17,64.39019775390,975.68652491921
16:19:17,64.47021484375,975.63267528123
16:19:17,64.63021850585,975.54586091025
16:19:17,64.7099609375,975.48797175531
16:19:18,64.8701171875,975.56419482405
16:19:18,65.03005981445,975.56433346042
16:19:18,65.11010742187,975.55075919858
16:19:18,65.26998901367,975.52383092891
16:19:18,65.35000610351,975.53741048160
16:19:18,65.50997924804,975.56563669900
16:19:18,65.58999633789,975.52775065672
16:19:18,65.74990844726,975.54100261582
16:19:19,65.82995605468,975.57550175071
16:19:19,65.98989868164,975.54976535506
16:19:19,66.14981079101,975.51590519052
16:19:19,66.22982788085,975.49481122610
16:19:19,66.38967895507,975.54632509759
16:19:19,66.46987915039,975.53893739518
16:19:19,66.62966918945,975.53149169997
16:19:19,66.70980834960,975.55998468250
16:19:20,66.86962890625,975.57945036486
16:19:20,66.94979858398,975.59600548116
16:19:20,67.10955810546,975.53783967904
16:19:20,67.18972778320,975.55307806195
16:19:20,67.34948730468,975.59249511910
16:19:20,67.50961303710,975.58317776636
16:19:20,67.58950805664,975.57016930195
16:19:20,67.74969482421,975.60698476084
16:19:21,67.82946777343,975.71065883448
16:19:21,67.98965454101,975.78194442733
16:19:21,68.06942749023,975.70771523532
16:19:21,68.22961425781,975.69530743668
16:19:21,68.30938720703,975.78285830386
16:19:21,68.46960449218,975.75269335782
16:19:21,68.54934692382,975.68454984144
16:19:21,68.70953369140,975.54892517188
16:19:22,68.86941528320,975.56444210127
16:19:22,68.94943237304,975.62574407565
16:19:22,69.10128784179,975.57714418212
16:19:22,69.18933105468,975.56814301442
16:19:22,69.34933471679,975.66610569971
16:19:22,69.42935180664,975.75364365855
16:19:22,69.58935546875,975.66640549759
16:19:22,69.66931152343,975.58438540675
16:19:23,69.82928466796,975.50279087232
16:19:23,69.98910522460,975.51824766666
16:19:23,70.06930541992,975.55957657405
16:19:23,70.22906494140,975.51274751193
16:19:23,70.30926513671,975.54505618981
16:19:23,70.46899414062,975.62062403157
16:19:23,70.54913330078,975.65476939106
16:19:23,70.70892333984,975.63634355902
16:19:24,70.78912353515,975.59006726934
16:19:24,70.94885253906,975.50137009328
16:19:24,71.02911376953,975.53328873020
16:19:24,71.18884277343,975.49497836949
16:19:24,71.34909057617,975.46889315308
16:19:24,71.42886352539,975.50394416728
16:19:24,71.58905029296,975.62180588713
16:19:24,71.66888427734,975.68222952216
16:19:25,71.82897949218,975.60622016232
16:19:25,71.90884399414,975.56584050698
16:19:25,72.06890869140,975.54449357857
16:19:25,72.14880371093,975.67906790264
16:19:25,72.30889892578,975.57772834991
16:19:25,72.38885498046,975.51986168840
16:19:25,72.54873657226,975.51478487117
16:19:25,72.70880126953,975.57332117728
16:19:26,72.78863525390,975.56352276498
16:19:26,72.94879150390,975.53663808222
16:19:26,73.02868652343,975.51166527568
16:19:26,73.18878173828,975.44307212067
16:19:26,73.26852416992,975.50285981652
16:19:26,73.4287109375,975.53546261005
16:19:26,73.50854492187,975.49284857350
16:19:26,73.66870117187,975.53592884551
16:19:27,73.82858276367,975.60652058655
16:19:27,73.90866088867,975.68064048681
16:19:27,74.06845092773,975.71949972495
16:19:27,74.14862060546,975.62372109105
16:19:27,74.30847167968,975.53922725826
16:19:27,74.38851928710,975.49407503973
16:19:27,74.54846191406,975.45790617395
16:19:27,74.62847900390,975.45507327036
16:19:28,74.78836059570,975.49978798546
16:19:28,74.86843872070,975.58697688107
16:19:28,75.02822875976,975.63681100864
16:19:28,75.18823242187,975.66315676167
16:19:28,75.26834106445,975.60526062136
16:19:28,75.42825317382,975.48325215635
16:19:28,75.50820922851,975.47704539054
16:19:28,75.66815185546,975.45764989378
16:19:28,75.74832153320,975.42998204898
16:19:29,75.90808105468,975.47687559864
16:19:29,75.98822021484,975.63632502139
16:19:29,76.14807128906,975.69108009542
16:19:29,76.22811889648,975.56741094629
16:19:29,76.38800048828,975.45021018464
16:19:29,76.54815673828,975.42812584553
16:19:29,76.62799072265,975.47632787806
16:19:30,76.78814697265,975.50470266522
16:19:30,76.86798095703,975.46338451014
16:19:30,77.02813720703,975.52328251831
16:19:30,77.10791015625,975.56952399311
16:19:30,77.26809692382,975.69361713711
16:19:30,77.34786987304,975.66595967506
16:19:30,77.50799560546,975.56913938135
16:19:30,77.66790771484,975.52525815344
16:19:30,77.74801635742,975.58119989543
16:19:31,77.90795898437,975.56306596298
16:19:31,77.98800659179,975.53298028276
16:19:31,78.14788818359,975.56841194381
16:19:31,78.22793579101,975.65075890652
16:19:31,78.38784790039,975.69167553693
16:19:31,78.46786499023,975.66735862407
16:19:31,78.62783813476,975.60872735199
16:19:31,78.70779418945,975.53674538069
16:19:32,78.86776733398,975.60392713019
16:19:32,79.02761840820,975.56828856287
16:19:32,79.10775756835,975.51300163175
16:19:32,79.26754760742,975.54388091067
16:19:32,79.34768676757,975.61202875714
16:19:32,79.50759887695,975.66058094527
16:19:32,79.58767700195,975.60892981978
16:19:32,79.74737548828,975.51819641964
16:19:33,79.81954956054,975.49969517611
16:19:33,79.98751831054,975.60827484589
16:19:33,80.14752197265,975.50936016359
16:19:33,80.22747802734,975.49525754882
16:19:33,80.38754272460,975.58267466985
16:19:33,80.46740722656,975.60564528494
16:19:33,80.62753295898,975.57375692022
16:19:33,80.70739746093,975.52302637155
16:19:34,80.86721801757,975.45906974777
16:19:34,80.94741821289,975.49709891727
16:19:34,81.10729980468,975.54348650108
16:19:34,81.18737792968,975.46942037902
16:19:34,81.34719848632,975.51446041907
16:19:34,81.50735473632,975.63907643136
16:19:34,81.58715820312,975.69779059589
16:19:34,81.74728393554,975.58972434086
16:19:35,81.8271484375,975.49092460720
16:19:35,81.98724365234,975.48742748710
16:19:35,82.06707763671,975.51666315083
16:19:35,82.22723388671,975.50093896096
16:19:35,82.30703735351,975.50757908074
16:19:35,82.47299194335,975.57958033640
16:19:35,82.54699707031,975.64715316780
16:19:35,82.70712280273,975.70055293134
16:19:36,82.86700439453,975.59882040484
16:19:36,82.94714355468,975.51310056591
16:19:36,83.10693359375,975.49262216111
16:19:36,83.18713378906,975.55331499316
16:19:36,83.34698486328,975.45364073649
16:19:36,83.42706298828,975.46321279509
16:19:36,83.58685302734,975.61862084451
16:19:36,83.66702270507,975.80117471339
16:19:37,83.82690429687,975.70052996430
16:19:37,83.98675537109,975.60641715340
16:19:37,84.06683349609,975.52319868826
16:19:37,84.22677612304,975.60950725881
16:19:37,84.30682373046,975.51153027383
16:19:37,84.46673583984,975.49894260768
16:19:37,84.54678344726,975.57920112581
16:19:37,84.70666503906,975.68950356927
16:19:38,84.78674316406,975.70293177897
16:19:38,84.94662475585,975.62976532354
16:19:38,85.02667236328,975.53015606482
16:19:38,85.18658447265,975.52007870466
16:19:38,85.3466796875,975.57894432320
16:19:38,85.42654418945,975.48851357131
16:19:38,85.58663940429,975.53299346860
16:19:38,85.66647338867,975.58822321517
16:19:39,85.82656860351,975.62719116671
16:19:39,85.90643310546,975.59426040023
16:19:39,86.06658935546,975.51822719124
16:19:39,86.14639282226,975.46349704295
16:19:39,86.30651855468,975.49077024162
16:19:39,86.38635253906,975.53280888593
16:19:39,86.54650878906,975.50304949056
16:19:39,86.70651245117,975.52672626650
16:19:40,86.78640747070,975.59050110481
16:19:40,86.94644165039,975.56721020807
16:19:40,87.02645874023,975.60088255607
16:19:40,87.18640136718,975.55246840320
16:19:40,87.26641845703,975.49087301338
16:19:40,87.42633056640,975.50375193980
16:19:40,87.50640869140,975.53396184126
16:19:40,87.66629028320,975.49950782336
16:19:41,87.82614135742,975.51911147619
16:19:41,87.90625,975.61052304464
16:19:41,88.06610107421,975.64446908479
16:19:41,88.14624023437,975.65849093676
16:19:41,88.30612182617,975.62408343852
16:19:41,88.38619995117,975.52015078091
16:19:41,88.54611206054,975.55670036078
16:19:41,88.62612915039,975.54230645346
16:19:42,88.78610229492,975.50740777089
16:19:42,88.86608886718,975.54126466200
16:19:42,89.02606201171,975.70563766783
16:19:42,89.18591308593,975.72804432467
16:19:42,89.26605224609,975.59361003517
16:19:42,89.42584228515,975.52790992417
16:19:42,89.50595092773,975.54501968699
16:19:42,89.66583251953,975.55700687234
16:19:42,89.74591064453,975.52399252769
16:19:43,89.90582275390,975.57991350957
16:19:43,89.98587036132,975.75817990533
16:19:43,90.14578247070,975.83354247304
16:19:43,90.22579956054,975.63660513451
16:19:43,90.3857421875,975.47842559066
16:19:43,90.54580688476,975.44512758206
16:19:43,90.62570190429,975.46333754946
16:19:44,90.78576660156,975.54416696560
16:19:44,90.86566162109,976.11736952146
16:19:44,91.02569580078,975.82324926320
16:19:44,91.10559082031,975.60698657916
16:19:44,91.26666259765,975.55844529586
16:19:44,91.34548950195,975.48517998427
16:19:44,91.50567626953,975.63298526697
16:19:44,91.66558837890,975.47705936286
16:19:44,91.74560546875,975.39076944008
16:19:45,91.90557861328,975.40760282388
16:19:45,91.98553466796,975.44251902396
16:19:45,92.14553833007,975.67247444809
16:19:45,92.22552490234,975.95616408984
16:19:45,92.38546752929,975.74678348184
16:19:45,92.46557617187,975.55398723888
16:19:45,92.62542724609,975.49425463508
16:19:45,92.70550537109,975.44990952670
16:19:46,92.86538696289,975.42539221742
16:19:46,93.02523803710,975.72673188150
16:19:46,93.10531616210,975.57185914966
16:19:46,93.26510620117,975.49025600741
16:19:46,93.34530639648,975.49217898740
16:19:46,93.50500488281,975.53766141018
16:19:46,93.58526611328,975.72522586769
16:19:46,93.74517822265,975.82827433074
16:19:47,93.82525634765,975.81030807361
16:19:47,93.98513793945,975.51782192836
16:19:47,94.06524658203,975.46387341110
16:19:47,94.22509765625,975.37540672141
16:19:47,94.38516235351,975.41204459068
16:19:47,94.46499633789,975.53881798674
16:19:47,94.62512207031,975.42676649792
16:19:47,94.70492553710,975.40309016714
16:19:48,94.86508178710,975.42629703340
16:19:48,94.94485473632,975.45487623665
16:19:48,95.10507202148,975.76533478806
16:19:48,95.18484497070,975.89396093442
16:19:48,95.34497070312,975.66357220185
16:19:48,95.50500488281,975.53887207540
16:19:48,95.58499145507,975.44133924383
16:19:48,95.74496459960,975.40757962307
16:19:49,95.82492065429,975.46578400256
16:19:49,95.98495483398,975.40651984504
16:19:49,96.06488037109,975.42913812234
16:19:49,96.22485351562,975.47003033856
16:19:49,96.30487060546,975.52734366202
16:19:49,96.46481323242,975.53972811012
16:19:49,96.54486083984,975.63747738371
16:19:49,96.70480346679,975.98520044811
16:19:50,96.86468505859,975.85573766969
16:19:50,96.94476318359,975.59688907006
16:19:50,97.10467529296,975.51502477218
16:19:50,97.18466186523,975.38844058708
16:19:50,97.34460449218,975.56107490280
16:19:50,97.42465209960,975.48785789566
16:19:50,97.58456420898,975.46116386801
16:19:50,97.66464233398,975.45061565235
16:19:51,97.82458496093,975.48429000175
16:19:51,97.90447998046,975.53394609334
16:19:51,98.06454467773,975.77009388955
16:19:51,98.22436523437,976.03226711101
16:19:51,98.30453491210,975.67249460774
16:19:51,98.46432495117,975.53576279017
16:19:51,98.54449462890,975.48633435857
16:19:51,98.70425415039,975.40789384111
16:19:52,98.78442382812,975.44974059336
16:19:52,98.94421386718,975.46106938415
16:19:52,99.02432250976,975.45211866687
16:19:52,99.18417358398,975.48898685172
16:19:52,99.34439086914,975.50555616733
16:19:52,99.42416381835,975.55246949439
16:19:52,99.58435058593,975.88637532976
16:19:52,99.66412353515,975.96870216666
16:19:53,99.82424926757,975.60194652590
16:19:53,99.90408325195,975.52930152160
16:19:53,100.06430053710,975.45585922837
16:19:53,100.14407348632,975.34135632640
16:19:53,100.29611206054,975.48635487125
16:19:53,100.38403320312,975.47605315199
16:19:53,100.54415893554,975.49387949629
16:19:53,100.7041015625,975.54436981732
16:19:54,100.78411865234,975.56703200206
16:19:54,100.94409179687,975.70326888405
16:19:54,101.02407836914,976.18040823395
16:19:54,101.18408203125,975.74815940409
16:19:54,101.26397705078,975.53052151606
16:19:54,101.42404174804,975.44292756054
16:19:54,101.50399780273,975.45532515112
16:19:54,101.66397094726,975.35113449613
16:19:54,101.74392700195,975.39904698509
16:19:55,101.90393066406,975.44184853923
16:19:55,102.06375122070,975.48185953773
16:19:55,102.14389038085,975.52396432794
16:19:55,102.30364990234,975.57432319962
16:19:55,102.38385009765,975.94003234906
16:19:55,102.54367065429,976.04742382918
16:19:55,102.62380981445,975.71663506892
16:19:56,102.78356933593,975.46618105761
16:19:56,102.86380004882,975.39553038318
16:19:56,103.02352905273,975.30897784273
16:19:56,103.18368530273,975.31469142984
16:19:56,103.26354980468,975.39594233237
16:19:56,103.42361450195,975.48099215391
16:19:56,103.50363159179,975.50172837110
16:19:56,103.66363525390,975.57535853280
16:19:56,103.74346923828,975.56826564188
16:19:57,103.90356445312,975.64490494324
16:19:57,103.98355102539,975.95001777132
16:19:57,104.1435546875,975.86435205032
16:19:57,104.22351074218,975.57210550940
16:19:57,104.38354492187,975.39981964311
16:19:57,104.54339599609,975.40992104148
16:19:57,104.62335205078,975.39133730877
16:19:58,104.78341674804,975.51852868119
16:19:58,104.86334228515,975.51544215259
16:19:58,105.0234375,975.50399955219
16:19:58,105.10324096679,975.54087814301
16:19:58,105.26336669921,975.58639361408
16:19:58,105.34323120117,975.73876157375
16:19:58,105.50338745117,976.03760534634
16:19:58,105.58312988281,975.88545519067
16:19:58,105.74331665039,975.55811475070
16:19:59,105.90316772460,975.47776513752
16:19:59,105.98327636718,975.48018524375
16:19:59,106.14315795898,975.43723987181
16:19:59,106.22317504882,975.43607365842
16:19:59,106.38305664062,975.52053953074
16:19:59,106.46316528320,975.49525429012
16:19:59,106.62307739257,975.49748045721
16:19:59,106.70315551757,975.52879837653
16:20:00,106.86331176757,975.57646314735
16:20:00,107.02322387695,975.67776859141
16:20:00,107.10321044921,975.85714008625
16:20:00,107.26318359375,975.80254329946
16:20:00,107.34320068359,975.57373355922
16:20:00,107.50311279296,975.50219942149
16:20:00,107.58325195312,975.44348897926
16:20:00,107.74304199218,975.43367423614
16:20:01,107.82318115234,975.57782980017
16:20:01,107.98294067382,975.55373613741
16:20:01,108.06317138671,975.54954649018
16:20:01,108.22296142578,975.56773378019
16:20:01,108.38308715820,975.59724212166
16:20:01,108.46292114257,975.69888275346
16:20:01,108.623046875,975.85062242620
16:20:01,108.70291137695,975.65211788233
16:20:02,108.86297607421,975.50591315094
16:20:02,108.94284057617,975.45426924254
16:20:02,109.10299682617,975.44733232648
16:20:02,109.18273925781,975.52872563380
16:20:02,109.34295654296,975.49986437290
16:20:02,109.42282104492,975.47922248652
16:20:02,109.58288574218,975.50019400354
16:20:02,109.74288940429,975.53879116731
16:20:03,109.82278442382,975.60408072286
16:20:03,109.98284912109,975.57154981109
16:20:03,110.06283569335,975.83894632932
16:20:03,110.22280883789,975.94023764240
16:20:03,110.302734375,975.66246241174
16:20:03,110.46276855468,975.55484571224
16:20:03,110.54272460937,975.45770378375
16:20:03,110.70275878906,975.36911744607
16:20:04,110.86251831054,975.53201807271
16:20:04,110.94271850585,975.53739700389
16:20:04,111.10250854492,975.49783736868
16:20:04,111.18267822265,975.53272636699
16:20:04,111.34252929687,975.58237091316
16:20:04,111.42263793945,975.61163600103
16:20:04,111.58251953125,975.78840346275
16:20:04,111.66262817382,975.79687937278
16:20:05,111.82241821289,975.60720204879
16:20:05,111.90255737304,975.48113192074
16:20:05,112.06237792968,975.50257088599
16:20:05,112.22247314453,975.54719731453
16:20:05,112.30236816406,975.38411063004
16:20:05,112.46249389648,975.41167279620
16:20:05,112.54232788085,975.47016987456
16:20:05,112.70245361328,975.49954731297
16:20:06,112.78228759765,975.52442613324
16:20:06,112.9423828125,975.57163600095
16:20:06,113.02227783203,975.81995747723
16:20:06,113.18237304687,975.96061160386
16:20:06,113.26223754882,975.67456114753
16:20:06,113.42233276367,975.54675225008
16:20:06,113.58221435546,975.39772410749
16:20:06,113.66201782226,975.37332334452
16:20:07,113.82220458984,975.54690830596
16:20:07,113.90203857421,975.59376556993
16:20:07,114.06213378906,975.50846665128
16:20:07,114.14199829101,975.52883238277
16:20:07,114.30212402343,975.55599702748
16:20:07,114.38189697265,975.57070080861
16:20:07,114.54208374023,975.88103139601
16:20:07,114.70205688476,975.98008691898
16:20:08,114.78192138671,975.77931639020
16:20:08,114.94201660156,975.53199160426
16:20:08,115.02203369140,975.44344058755
16:20:08,115.18191528320,975.35052832291
16:20:08,115.26202392578,975.48121542939
16:20:08,115.421875,975.48839657131
16:20:08,115.50192260742,975.45983348987
16:20:08,115.66183471679,975.45769757678
16:20:08,115.74194335937,975.50615141206
16:20:09,115.90179443359,975.58930375208
16:20:09,116.06164550781,975.68772224222
16:20:09,116.14166259765,975.86166224343
16:20:09,116.30160522460,975.76272704369
16:20:09,116.38171386718,975.54157369056
16:20:09,116.54153442382,975.43251186097
16:20:09,116.62170410156,975.38737775994
16:20:10,116.78158569335,975.40401059520
16:20:10,116.86163330078,975.61458283104
16:20:10,117.02157592773,975.51999708461
16:20:10,117.10159301757,975.51508067193
16:20:10,117.26150512695,975.53480089248
16:20:10,117.42150878906,975.54678296594
16:20:10,117.50146484375,975.60002109777
16:20:10,117.66143798828,975.88113889964
16:20:10,117.74145507812,975.82621989052
16:20:11,117.90148925781,975.53570921462
16:20:11,117.98138427734,975.44128054879
16:20:11,118.14141845703,975.35356240778
16:20:11,118.22119140625,975.33983707681
16:20:11,118.38137817382,975.40656073200
16:20:11,118.54144287109,975.48871097967
16:20:11,118.62139892578,975.48822019623
16:20:12,118.78140258789,975.51378949573
16:20:12,118.86135864257,975.55249722268
16:20:12,119.02139282226,975.54564044795
16:20:12,119.10128784179,975.72788851504
16:20:12,119.26135253906,975.91886954973
16:20:12,119.34118652343,975.78375664134
16:20:12,119.50131225585,975.51795368597
16:20:12,119.58123779296,975.44851630278
16:20:12,119.74118041992,975.41689291621
16:20:13,119.90103149414,975.43331025223
16:20:13,119.98114013671,975.44213088831
16:20:13,120.14111328125,975.55018910356
16:20:13,120.21276855468,975.48564785551
16:20:13,120.38067626953,975.47883548146
16:20:13,120.46069335937,975.51286203113
16:20:13,120.62060546875,975.53446077838
16:20:13,120.70065307617,975.70116607510
16:20:14,120.86059570312,975.86068881112
16:20:14,120.94064331054,975.82829251192
16:20:14,121.10055541992,975.56485704908
16:20:14,121.26052856445,975.47395027743
16:20:14,121.34051513671,975.42162068409
16:20:14,121.50039672851,975.35869056906
16:20:14,121.58047485351,975.52554324162
16:20:14,121.74044799804,975.48593794254
16:20:15,121.82043457031,975.45915644906
16:20:15,121.98043823242,975.47421289354
16:20:15,122.06036376953,975.53717270885
16:20:15,122.22042846679,975.51996332376
16:20:15,122.38034057617,975.55652433877
16:20:15,122.46038818359,975.88251928692
16:20:15,122.62030029296,976.02178132642
16:20:15,122.70031738281,975.91664286989
16:20:16,122.86026000976,975.71309163371
16:20:16,122.94030761718,975.41876924106
16:20:16,123.10021972656,975.38714874025
16:20:16,123.18020629882,975.55482343161
16:20:16,123.34017944335,975.74206662039
16:20:16,123.42016601562,975.68589613532
16:20:16,123.58013916015,975.53633075101
16:20:16,123.74011230468,975.53870843260
16:20:17,123.82009887695,975.42993125415
16:20:17,123.98007202148,975.35396684878
16:20:17,124.06005859375,975.62505500428
16:20:17,124.22009277343,975.81263136954
16:20:17,124.29995727539,975.70982404652
16:20:17,124.46002197265,975.65280411895
16:20:17,124.54000854492,975.47346009340
16:20:17,124.70001220703,975.44749020817
16:20:18,124.77993774414,975.47518003866
16:20:18,124.93991088867,975.63932477851
16:20:18,125.09988403320,975.63812443493
16:20:18,125.17993164062,975.52851523197
16:20:18,125.33981323242,975.49103315018
16:20:18,125.41989135742,975.47760941891
16:20:18,125.57980346679,975.42897261875
16:20:18,125.65979003906,975.44035251315
16:20:19,125.81976318359,975.64855983144
16:20:19,125.89974975585,975.88407161997
16:20:19,126.05972290039,975.77108026630
16:20:19,126.2197265625,975.61001334379
16:20:19,126.29971313476,975.47034854707
16:20:19,126.45971679687,975.43520347774
16:20:19,126.53964233398,975.48053077647
16:20:19,126.69964599609,975.65836594718
16:20:20,126.77960205078,975.67645761827
16:20:20,126.93960571289,975.66205489473
16:20:20,127.01953125,975.50401979768
16:20:20,127.17959594726,975.37028942899
16:20:20,127.25952148437,975.32169169898
16:20:20,127.41952514648,975.40018692179
16:20:20,127.57943725585,975.58008565042
16:20:20,127.65945434570,975.64985718927
16:20:21,127.81942749023,975.63867969822
16:20:21,127.8994140625,975.58719057998
16:20:21,128.05938720703,975.45447890675
16:20:21,128.13937377929,975.39972321978
16:20:21,128.29934692382,975.43586326480
16:20:21,128.37930297851,975.53943215244
16:20:21,128.53930664062,975.73494580036
16:20:21,128.61929321289,975.67356832956
16:20:22,128.77917480468,975.55228570608
16:20:22,128.93927001953,975.46436778081
16:20:22,129.01913452148,975.41899053549
16:20:22,129.17916870117,975.44549161063
16:20:22,129.25924682617,975.66071103783
16:20:22,129.41915893554,975.87698589523
16:20:22,129.49920654296,975.76397978299
16:20:22,129.65911865234,975.65071784721
16:20:22,129.73913574218,975.52014382782
16:20:23,129.89907836914,975.49104907632
16:20:23,130.05905151367,975.52895515398
16:20:23,130.13897705078,975.77051680507
16:20:23,130.29891967773,975.87659481633
16:20:23,130.37899780273,975.72936325369
16:20:23,130.53894042968,975.58203531611
16:20:23,130.61886596679,975.47624946781
16:20:24,130.77893066406,975.42308472043
16:20:24,130.85891723632,975.46951008324
16:20:24,131.01892089843,975.65212369956
16:20:24,131.09887695312,975.73501870964
16:20:24,131.25888061523,975.75242484978
16:20:24,131.41882324218,975.69201962561
16:20:24,131.49887084960,975.55229171059
16:20:24,131.65878295898,975.41649589059
16:20:24,131.73880004882,975.42371723988
16:20:25,131.89874267578,975.53345662123
16:20:25,131.97875976562,975.72676270104
16:20:25,132.13870239257,975.74796129468
16:20:25,132.21875,975.63301358424
16:20:25,132.37866210937,975.47496149184
16:20:25,132.45870971679,975.38946491936
16:20:25,132.61859130859,975.42610754606
16:20:26,132.77856445312,975.48917597774
16:20:26,132.85858154296,975.70546183592
16:20:26,133.0185546875,975.70961960319
16:20:26,133.09860229492,975.68656948276
16:20:26,133.25842285156,975.60978819070
16:20:26,133.33850097656,975.43757750421
16:20:26,133.49841308593,975.39803060396
16:20:26,133.57852172851,975.42043963072
16:20:26,133.73831176757,975.58818993039
16:20:27,133.89840698242,975.68181339667
16:20:27,133.97836303710,975.53425630324
16:20:27,134.13833618164,975.38120722581
16:20:27,134.21829223632,975.28097196536
16:20:27,134.37826538085,975.27716101994
16:20:27,134.45828247070,975.34291798431
16:20:27,134.61831665039,975.49110407517
16:20:27,134.69827270507,975.81809887831
16:20:28,134.85830688476,975.87665392123
16:20:28,134.93823242187,975.66656616780
16:20:28,135.09823608398,975.48039605712
16:20:28,135.25814819335,975.39581005597
16:20:28,135.33819580078,975.44425806927
16:20:28,135.49810791015,975.57523870205
16:20:28,135.57818603515,975.80648878577
16:20:28,135.73809814453,975.76151527990
16:20:29,135.81814575195,975.61234528756
16:20:29,135.97805786132,975.62615213761
16:20:29,136.05804443359,975.54410939658
16:20:29,136.21789550781,975.51177785059
16:20:29,136.3779296875,975.60111501932
16:20:29,136.4580078125,975.65911330623
16:20:29,136.61791992187,975.67743536255
16:20:29,136.69793701171,975.61031774596
16:20:30,136.85797119140,975.56377143525
16:20:30,136.93786621093,975.48746199311
16:20:30,137.09793090820,975.40845524680
16:20:30,137.17785644531,975.43268699873
16:20:30,137.33786010742,975.60642363928
16:20:30,137.41781616210,975.74488279127
16:20:30,137.57781982421,975.63639949081
16:20:30,137.73776245117,975.51702941619
16:20:31,137.81774902343,975.47331801853
16:20:31,137.97772216796,975.45287250764
16:20:31,138.05770874023,975.42580551593
16:20:31,138.21765136718,975.46778413748
16:20:31,138.29763793945,975.70479306132
16:20:31,138.45755004882,975.86283511933
16:20:31,138.53762817382,975.77032836445
16:20:31,138.69760131835,975.80929574666
16:20:32,138.77758789062,975.73855634718
16:20:32,138.93746948242,975.51651702116
16:20:32,139.09756469726,975.47756004321
16:20:32,139.17752075195,975.47858638741
16:20:32,139.33752441406,975.56251925665
16:20:32,139.41748046875,975.77725267788
16:20:32,139.57751464843,975.70574232895
16:20:32,139.65744018554,975.60582526393
16:20:33,139.81741333007,975.48033377874
16:20:33,139.8974609375,975.40781266172
16:20:33,140.05737304687,975.37684598228
16:20:33,140.21734619140,975.40119059627
16:20:33,140.29733276367,975.44776674266
16:20:33,140.45730590820,975.61427490292
16:20:33,140.53729248046,975.71952590728
16:20:33,140.697265625,975.68605471883
16:20:34,140.77725219726,975.59109071672
16:20:34,140.93722534179,975.45183150699
16:20:34,141.01721191406,975.36911159256
16:20:34,141.17718505859,975.37792373039
16:20:34,141.25717163085,975.45095038547
16:20:34,141.41714477539,975.60872524187
16:20:34,141.5771484375,975.64002237535
16:20:34,141.65710449218,975.56303649832
16:20:35,141.81710815429,975.52469595539
16:20:35,141.89706420898,975.44251401791
16:20:35,142.05703735351,975.52050979256
16:20:35,142.13705444335,975.54498997565
16:20:35,142.29699707031,975.58505668317
16:20:35,142.37701416015,975.73255773613
16:20:35,142.53695678710,975.73536139448
16:20:35,142.61700439453,975.69484506159
16:20:36,142.77691650390,975.71723421258
16:20:36,142.93682861328,975.61901816318
16:20:36,143.01684570312,975.46134612917
16:20:36,143.17684936523,975.45131237386
16:20:36,143.25674438476,975.54790329904
16:20:36,143.41680908203,975.74823397944
16:20:36,143.49679565429,975.75204233423
16:20:36,143.65670776367,975.72496065894
16:20:36,143.73669433593,975.57862519730
16:20:37,143.89663696289,975.40377846221
16:20:37,144.05667114257,975.36338584457
16:20:37,144.13668823242,975.46444131621
16:20:37,144.29666137695,975.48798567340
16:20:37,144.37664794921,975.64271088082
16:20:37,144.53652954101,975.68998122385
16:20:37,144.61660766601,975.62676041396
16:20:38,144.77658081054,975.49584433732
16:20:38,144.85656738281,975.40597112616
16:20:38,145.01651000976,975.40819460945
16:20:38,145.09652709960,975.49225528897
16:20:38,145.25650024414,975.63413510002
16:20:38,145.41653442382,975.72146978454
16:20:38,145.49645996093,975.68504754241
16:20:38,145.65631103515,975.65086690690
16:20:38,145.73645019531,975.54951203357
16:20:39,145.89639282226,975.45551854917
16:20:39,145.97644042968,975.46490208379
16:20:39,146.13635253906,975.47329785496
16:20:39,146.21633911132,975.51911683361
16:20:39,146.37631225585,975.66476510203
16:20:39,146.45626831054,975.88010644613
16:20:39,146.61627197265,975.88043097381
16:20:40,146.77618408203,975.75427226400
16:20:40,146.85620117187,975.56375082243
16:20:40,147.01620483398,975.51795468012
16:20:40,147.09616088867,975.43415799759
16:20:40,147.25613403320,975.48253165390
16:20:40,147.33615112304,975.65041065947
16:20:40,147.49612426757,975.69213607697
16:20:40,147.57611083984,975.55644422771
16:20:40,147.73611450195,975.49336838061
16:20:41,147.89605712890,975.41055567065
16:20:41,147.97610473632,975.40233162825
16:20:41,148.13592529296,975.40195665258
16:20:41,148.21606445312,975.40918074929
16:20:41,148.37591552734,975.60785405695
16:20:41,148.45599365234,975.69366151823
16:20:41,148.61590576171,975.63703276569
16:20:41,148.69598388671,975.58000697153
16:20:42,148.85586547851,975.52033723609
16:20:42,148.93594360351,975.46917772952
16:20:42,149.09579467773,975.48279783139
16:20:42,149.255859375,975.55910877160
16:20:42,149.33581542968,975.69574325758
16:20:42,149.49581909179,975.77320487887
16:20:42,149.57577514648,975.69816246815
16:20:42,149.73580932617,975.56451808552
16:20:43,149.81573486328,975.43733679459
16:20:43,149.97573852539,975.44658107392
16:20:43,150.05569458007,975.45549203604
16:20:43,150.21569824218,975.51264245784
16:20:43,150.29565429687,975.71688346489
16:20:43,150.45565795898,975.87516133803
16:20:43,150.61560058593,975.75450834885
16:20:43,150.69564819335,975.59115372214
16:20:44,150.85556030273,975.38646475005
16:20:44,150.93545532226,975.33380330241
16:20:44,151.09552001953,975.32782653979
16:20:44,151.17541503906,975.35978993831
16:20:44,151.33547973632,975.47158000885
16:20:44,151.41546630859,975.68139991461
16:20:44,151.57543945312,975.47265590184
16:20:44,151.73544311523,975.34091273441
16:20:45,151.81527709960,975.44139773709
16:20:45,151.97543334960,975.82364932861
16:20:45,152.05532836914,976.53664232287
16:20:45,152.21539306640,975.95216412461
16:20:45,152.29531860351,975.73530230348
16:20:45,152.45535278320,975.31136272060
16:20:45,152.53527832031,975.28767349308
16:20:45,152.69519042968,975.30913300700
16:20:46,152.77526855468,975.48187852972
16:20:46,152.93511962890,975.75802705147
16:20:46,153.09518432617,976.27610351083
16:20:46,153.17517089843,975.97025758305
16:20:46,153.33514404296,975.67748927436
16:20:46,153.41513061523,975.55894640810
16:20:46,153.57507324218,975.31716634513
16:20:46,153.65509033203,975.19724258804
16:20:47,153.81503295898,975.21640426437
16:20:47,153.89505004882,975.32505978645
16:20:47,154.05502319335,975.58298630832
16:20:47,154.13500976562,975.91495988036
16:20:47,154.29501342773,975.98259174782
16:20:47,154.45498657226,975.47983514351
16:20:47,154.53500366210,975.35278292182
16:20:47,154.69488525390,975.29941763356
16:20:48,154.77493286132,975.27419596890
16:20:48,154.93484497070,975.31075907206
16:20:48,155.01489257812,975.34582746568
16:20:48,155.17483520507,975.46528720353
16:20:48,155.25485229492,975.67151791003
16:20:48,155.41479492187,976.20939210859
16:20:48,155.57476806640,975.78384867301
16:20:48,155.65475463867,975.59121098921
16:20:49,155.81469726562,975.46681704274
16:20:49,155.89471435546,975.36956049558
16:20:49,156.05459594726,975.35410285167
16:20:49,156.13464355468,975.38291840872
16:20:49,156.29467773437,975.42079308143
16:20:49,156.37463378906,975.51797644338
16:20:49,156.53460693359,975.67295667191
16:20:49,156.61447143554,976.12536718773
16:20:50,156.77462768554,975.88274562461
16:20:50,156.93453979492,975.62579922509
16:20:50,157.01458740234,975.44330666902
16:20:50,157.17449951171,975.37274018628
16:20:50,157.24633789062,975.38752809931
16:20:50,157.41445922851,975.42169474186
16:20:50,157.49444580078,975.44330601396
16:20:50,157.65441894531,975.49663702562
16:20:50,157.734375,975.63273025145
16:20:51,157.89440917968,976.07961922047
16:20:51,157.97436523437,975.88076217585
16:20:51,158.13436889648,975.64392853450
16:20:51,158.29431152343,975.46621282284
16:20:51,158.37435913085,975.36777582925
16:20:51,158.53424072265,975.40243917499
16:20:51,158.61428833007,975.43509726177
16:20:52,158.77423095703,975.45946108109
16:20:52,158.85421752929,975.53102727715
16:20:52,159.01419067382,975.74037625455
16:20:52,159.09417724609,976.30706001196
16:20:52,159.25415039062,975.90708680097
16:20:52,159.41415405273,975.57573883632
16:20:52,159.49411010742,975.41025336525
16:20:52,159.65414428710,975.36362181262
16:20:52,159.73406982421,975.37268730502
16:20:53,159.89404296875,975.40673071830
16:20:53,159.97402954101,975.43906153558
16:20:53,160.13406372070,975.51715629664
16:20:53,160.21392822265,975.71648905509
16:20:53,160.37399291992,976.13367563497
16:20:53,160.45394897460,976.07508266443
16:20:53,160.61392211914,975.62638893511
16:20:54,160.77389526367,975.41237321932
16:20:54,160.85391235351,975.31799385176
16:20:54,161.01385498046,975.34664036803
16:20:54,161.09381103515,975.40598810733
16:20:54,161.25381469726,975.44825957319
16:20:54,161.33380126953,975.47384419496
16:20:54,161.49359130859,975.57413519380
16:20:54,161.57373046875,975.97435308234
16:20:54,161.73373413085,975.90445098026
16:20:55,161.81372070312,975.63300904457
16:20:55,161.97369384765,975.45431690770
16:20:55,162.13366699218,975.39072174413
16:20:55,162.21353149414,975.43727052132
16:20:55,162.37356567382,975.47236526487
16:20:55,162.45361328125,975.48515884549
16:20:55,162.61343383789,975.53109255871
16:20:55,162.69360351562,975.62984246950
16:20:56,162.853515625,976.08956740515
16:20:56,162.93350219726,975.81135315692
16:20:56,163.09350585937,975.56591757033
16:20:56,163.25344848632,975.44293781690
16:20:56,163.33346557617,975.39783312224
16:20:56,163.49343872070,975.43470390101
16:20:56,163.57336425781,975.49943244735
16:20:56,163.73342895507,975.52223579523
16:20:57,163.81338500976,975.53404196068
16:20:57,163.97909545898,975.76633234442
16:20:57,164.05334472656,976.34915990789
16:20:57,164.21328735351,975.71370952958
16:20:57,164.29330444335,975.46448926580
16:20:57,164.45330810546,975.44692752919
16:20:57,164.61325073242,975.44359595961
16:20:57,164.69323730468,975.45965223602
16:20:58,164.85321044921,975.46460925853
16:20:58,164.93325805664,975.53278122896
16:20:58,165.09313964843,975.63831251396
16:20:58,165.17318725585,976.02072844489
16:20:58,165.33312988281,975.91837109536
16:20:58,165.41317749023,975.56768178496
16:20:58,165.57305908203,975.37143739717
16:20:58,165.73309326171,975.42165120069
16:20:59,165.81304931640,975.43762885619
16:20:59,165.97308349609,975.47576783410
16:20:59,166.05300903320,975.49861923234
16:20:59,166.21292114257,975.50736058554
16:20:59,166.29296875,975.60725428732
16:20:59,166.45300292968,976.67296826852
16:20:59,166.53292846679,976.12044911611
16:20:59,166.69293212890,975.51737604912
16:21:00,166.77279663085,975.32297994248
16:21:00,166.93289184570,975.33011360897
16:21:00,167.09283447265,975.37439937827
16:21:00,167.17282104492,975.41248535287
16:21:00,167.33273315429,975.44581594721
16:21:00,167.41278076171,975.49598623684
16:21:00,167.57275390625,975.72523836648
16:21:00,167.65270996093,975.98163905815
16:21:01,167.81271362304,975.60391352513
16:21:01,167.89270019531,975.45099445641
16:21:01,168.05261230468,975.43102733695
16:21:01,168.13262939453,975.51817683870
16:21:01,168.29254150390,975.52927049740
16:21:01,168.45263671875,975.50871608974
16:21:01,168.53259277343,975.61990905728
16:21:01,168.69250488281,975.92240941124
16:21:02,168.77261352539,976.07607914429
16:21:02,168.93252563476,975.75270309974
16:21:02,169.01257324218,975.49406863321
16:21:02,169.17248535156,975.39017028459
16:21:02,169.25253295898,975.38159188684
16:21:02,169.41238403320,975.42169516778
16:21:02,169.57241821289,975.45609108842
16:21:02,169.65335083007,975.51399205750
16:21:03,169.81234741210,975.63846297559
16:21:03,169.89236450195,975.91998415928
16:21:03,170.05239868164,975.93539827926
16:21:03,170.13232421875,975.57918454762
16:21:03,170.29229736328,975.37698089423
16:21:03,170.37228393554,975.40610476191
16:21:03,170.53225708007,975.46447736581
16:21:03,170.6123046875,975.50379269130
16:21:04,170.77221679687,975.50380498520
16:21:04,170.93215942382,975.54456365072
16:21:04,171.01217651367,975.88276102631
16:21:04,171.17214965820,976.12092460318
16:21:04,171.25210571289,976.57568267795
16:21:04,171.412109375,975.88940450473
16:21:04,171.49203491210,975.61173563144
16:21:04,171.65203857421,975.44582437918
16:21:04,171.73202514648,975.31209442112
16:21:05,171.89199829101,975.30394883355
16:21:05,171.97195434570,975.35848849492
16:21:05,172.13204956054,975.38792071955
16:21:05,172.29183959960,975.51964382063
16:21:05,172.37200927734,975.72799029554
16:21:05,172.53192138671,976.36655454370
16:21:05,172.61196899414,975.78699048750
16:21:06,172.77185058593,975.54757606234
16:21:06,172.85183715820,975.41409663124
16:21:06,173.01184082031,975.37370568652
16:21:06,173.09176635742,975.40224490122
16:21:06,173.25180053710,975.44434046131
16:21:06,173.41177368164,975.44064452972
16:21:06,173.49176025390,975.46817608271
16:21:06,173.65176391601,975.56702838065
16:21:06,173.73159790039,975.79745516504
16:21:07,173.89175415039,975.93901238339
16:21:07,173.9716796875,975.62926786560
16:21:07,174.13168334960,975.49570672884
16:21:07,174.21163940429,975.38691127129
16:21:07,174.37164306640,975.42536312118
16:21:07,174.45153808593,975.46661555590
16:21:07,174.61160278320,975.48902477277
16:21:07,174.77154541015,975.49879233114
16:21:08,174.8515625,975.52896372729
16:21:08,175.01150512695,975.61331358549
16:21:08,175.09149169921,976.11849080174
16:21:08,175.25146484375,975.65672125342
16:21:08,175.33145141601,975.54562773142
16:21:08,175.49139404296,975.48021065341
16:21:08,175.57141113281,975.48232805311
16:21:08,175.73135375976,975.51925738415
16:21:09,175.81137084960,975.53313662083
16:21:09,175.97128295898,975.55891964243
16:21:09,176.13134765625,975.62711622592
16:21:09,176.21130371093,975.72393609819
16:21:09,176.37133789062,976.13350723781
16:21:09,176.45126342773,975.79225413486
16:21:09,176.61126708984,975.60881767116
16:21:09,176.69122314453,975.47940753366
16:21:10,176.85122680664,975.46677507509
16:21:10,176.93118286132,975.49521520332
16:21:10,177.09115600585,975.52087997667
16:21:10,177.25112915039,975.56885210422
16:21:10,177.33108520507,975.65016438868
16:21:10,177.49108886718,975.94794103123
16:21:10,177.57104492187,975.86107828695
16:21:10,177.73104858398,975.65507852195
16:21:11,177.81103515625,975.49312972068
16:21:11,177.97100830078,975.44940384911
16:21:11,178.05096435546,975.46142869039
16:21:11,178.2109375,975.49615857630
16:21:11,178.29095458984,975.50881821568
16:21:11,178.45092773437,975.54558591510
16:21:11,178.61087036132,975.62516693676
16:21:11,178.69091796875,975.87513822852
16:21:12,178.85086059570,975.88530660945
16:21:12,178.93087768554,975.60808047115
16:21:12,179.0908203125,975.48048070967
16:21:12,179.17077636718,975.44902762861
16:21:12,179.33074951171,975.45534944398
16:21:12,179.41082763671,975.49412328787
16:21:12,179.57064819335,975.51611573771
16:21:12,179.65078735351,975.52852563341
16:21:13,179.81069946289,975.60437138757
16:21:13,179.97061157226,975.83395612643
16:21:13,180.05056762695,976.02030009526
16:21:13,180.21063232421,975.67888534737
16:21:13,180.29061889648,975.57958493044
16:21:13,180.45062255859,975.56335588330
16:21:13,180.53051757812,975.51429604503
16:21:13,180.69055175781,975.52396011132
16:21:13,180.77047729492,975.54226157178
16:21:14,180.93054199218,975.61956027490
16:21:14,181.09048461914,975.78655421406
16:21:14,181.17053222656,975.70718998721
16:21:14,181.33041381835,975.62394806585
16:21:14,181.41049194335,975.75377905559
16:21:14,181.57040405273,975.98664213180
16:21:14,181.64224243164,975.95464354771
16:21:15,181.81039428710,976.06084537930
16:21:15,181.89035034179,976.02323143200
16:21:15,182.05029296875,975.85103075432
16:21:15,182.13027954101,975.83856830639
16:21:15,182.29028320312,975.86058947058
16:21:15,182.45025634765,975.44303197363
16:21:15,182.5302734375,975.61731121814
16:21:15,182.69021606445,975.80773222890
16:21:15,182.77020263671,975.69431361475
16:21:16,182.93017578125,975.64638230304
16:21:16,183.01022338867,975.61932454353
16:21:16,183.17013549804,975.60510101541
16:21:16,183.25021362304,975.53777147788
16:21:16,183.41009521484,975.44685175555
16:21:16,183.49014282226,975.67047120725
16:21:16,183.65005493164,975.74266827647
16:21:17,183.81002807617,975.45691868410
16:21:17,183.88998413085,975.51266437979
16:21:17,184.04998779296,975.60841444358
16:21:17,184.12994384765,975.55544665698
16:21:17,184.28994750976,975.30300516929
16:21:17,184.36996459960,975.31316227329
16:21:17,184.52990722656,975.42794168627
16:21:17,184.60989379882,975.54918623559
16:21:17,184.76986694335,975.53773510505
16:21:18,184.92980957031,975.62441253068
16:21:18,185.009765625,975.61876754117
16:21:18,185.16979980468,975.62595328707
16:21:18,185.24984741210,975.65071022801
16:21:18,185.40975952148,975.59193848766
16:21:18,185.48980712890,975.67499312640
16:21:18,185.64971923828,975.73905035034
16:21:18,185.72976684570,975.67461444107
16:21:19,185.88967895507,975.53683809453
16:21:19,185.9697265625,975.59071208395
16:21:19,186.12960815429,975.56371613135
16:21:19,186.28961181640,975.56046362332
16:21:19,186.36956787109,975.53059285065
16:21:19,186.52957153320,975.36752970215
16:21:19,186.60958862304,975.49934990195
16:21:19,186.76950073242,975.71530024342
16:21:20,186.84948730468,975.72181018351
16:21:20,187.00946044921,975.61943888045
16:21:20,187.08944702148,975.59035420291
16:21:20,187.24942016601,975.56483902027
16:21:20,187.40933227539,975.51616680796
16:21:20,187.48947143554,975.39713690215
16:21:20,187.64938354492,975.42172255196
16:21:20,187.72943115234,975.46538835612
16:21:21,187.88934326171,975.57449261090
16:21:21,187.96939086914,975.72309316445
16:21:21,188.12927246093,975.74598607134
16:21:21,188.20932006835,975.63995695365
16:21:21,188.36920166015,975.57251789673
16:21:21,188.44924926757,975.51791346039
16:21:21,188.60922241210,975.45810056338
16:21:21,188.76919555664,975.49879444533
16:21:22,188.84918212890,975.55245145056
16:21:22,189.00912475585,975.62728683543
16:21:22,189.08911132812,975.67607767711
16:21:22,189.24911499023,975.61441848454
16:21:22,189.3291015625,975.63630162409
16:21:22,189.48910522460,975.57237180621
16:21:22,189.56906127929,975.51821299004
16:21:22,189.72909545898,975.50549635853
16:21:23,189.80899047851,975.54857441918
16:21:23,189.96902465820,975.59664971886
16:21:23,190.12896728515,975.64977088794
16:21:23,190.20901489257,975.73886393162
16:21:23,190.36892700195,975.63509832438
16:21:23,190.44891357421,975.68346272113
16:21:23,190.60888671875,975.64024663311
16:21:23,190.68893432617,975.73683816366
16:21:24,190.84887695312,975.51273870964
16:21:24,190.92886352539,975.50680122068
16:21:24,191.08880615234,975.57052380431
16:21:24,191.24877929687,975.76192019021
16:21:24,191.32876586914,975.74162557952
16:21:24,191.48870849609,975.76212897350
16:21:24,191.56872558593,975.64665954811
16:21:24,191.72872924804,975.67583331302
16:21:25,191.80865478515,975.57748955022
16:21:25,191.96871948242,975.46067926059
16:21:25,192.04864501953,975.49231747671
16:21:25,192.20867919921,975.52325981200
16:21:25,192.28860473632,975.59268278914
16:21:25,192.44860839843,975.62792014829
16:21:25,192.60855102539,975.61391184655
16:21:25,192.6884765625,975.60393401076
16:21:26,192.84851074218,975.53765436756
16:21:26,192.92852783203,975.57148065090
16:21:26,193.08847045898,975.54070799874
16:21:26,193.16851806640,975.59432300928
16:21:26,193.32843017578,975.72152672702
16:21:26,193.40847778320,975.74935380531
16:21:26,193.568359375,975.64155215562
16:21:26,193.6484375,975.69545453505
16:21:27,193.80834960937,975.63347313165
16:21:27,193.96832275390,975.61093040240
16:21:27,194.04830932617,975.53679457703
16:21:27,194.20834350585,975.46198174524
16:21:27,194.28829956054,975.53291458462
16:21:27,194.44830322265,975.64964773271
16:21:27,194.52822875976,975.84173498493
16:21:27,194.68826293945,975.83728404744
16:21:27,194.76809692382,975.78578437306
16:21:28,194.92813110351,975.70392633897
16:21:28,195.08813476562,975.87047027199
16:21:28,195.16815185546,975.99828334596
16:21:28,195.31994628906,975.57421620891
16:21:28,195.40811157226,975.64868019041
16:21:28,195.56811523437,975.67950133858
16:21:28,195.64807128906,975.74845713143
16:21:29,195.80807495117,975.83573052825
16:21:29,195.88800048828,975.74136536462
16:21:29,196.04803466796,975.57147179409
16:21:29,196.12796020507,975.45906639313
16:21:29,196.28799438476,975.44830338651
16:21:29,196.44790649414,975.36529654241
16:21:29,196.52789306640,975.46183133840
16:21:29,196.68789672851,975.54405648925
16:21:29,196.76788330078,975.65336103881
16:21:30,196.92782592773,975.55726483436
16:21:30,197.00775146484,975.62550673204
16:21:30,197.16775512695,975.58532981945
16:21:30,197.24777221679,975.53060575051
16:21:30,197.40774536132,975.42007908875
16:21:30,197.48764038085,975.42922642518
16:21:30,197.64770507812,975.47429082273
16:21:31,197.80770874023,975.49208112815
16:21:31,197.8876953125,975.60432772023
16:21:31,198.04766845703,975.59996982698
16:21:31,198.12759399414,975.66780645307
16:21:31,198.28765869140,975.65330185473
16:21:31,198.36761474609,975.59399315222
16:21:31,198.52761840820,975.54521140047
16:21:31,198.60757446289,975.49256494822
16:21:31,198.76754760742,975.58662649231
16:21:32,198.92745971679,975.56242485098
16:21:32,199.00744628906,975.61957828392
16:21:32,199.16744995117,975.66932632008
16:21:32,199.24743652343,975.84217546281
16:21:32,199.40740966796,975.80895095077
16:21:32,199.48736572265,975.69431233712
16:21:32,199.64727783203,975.54890158355
16:21:32,199.72735595703,975.57660263881
16:21:33,199.88726806640,975.51808874336
16:21:33,199.96731567382,975.58209483980
16:21:33,200.12728881835,975.65461773649
16:21:33,200.28726196289,975.69196893536
16:21:33,200.3671875,975.61877868718
16:21:33,200.52722167968,975.68856953412
16:21:33,200.60720825195,975.65586223168
16:21:33,200.76718139648,975.58834331078
16:21:34,200.84719848632,975.56978274299
16:21:34,201.00714111328,975.57116546034
16:21:34,201.08715820312,975.68323375815
16:21:34,201.24710083007,975.77595502777
16:21:34,201.32711791992,975.86243775123
16:21:34,201.48706054687,975.85880481951
16:21:34,201.64703369140,975.79721462120
16:21:34,201.72702026367,975.67135183290
16:21:35,201.88699340820,975.60156579604
16:21:35,201.96697998046,975.55683304022
16:21:35,202.12686157226,975.68233813868
16:21:35,202.20687866210,975.67172363470
16:21:35,202.36694335937,975.64165367185
16:21:35,202.44689941406,975.69051933907
16:21:35,202.60684204101,975.57479425458
16:21:35,202.76684570312,975.63740862687
16:21:36,202.84683227539,975.58743395577
16:21:36,203.00677490234,975.59962624636
16:21:36,203.08676147460,975.51822669178
16:21:36,203.24679565429,975.44480713493
16:21:36,203.32678222656,975.50477478380
16:21:36,203.48669433593,975.57118597073
16:21:36,203.56677246093,975.69953566806
16:21:36,203.72668457031,975.61983354731
16:21:37,203.80673217773,975.52533197082
16:21:37,203.96664428710,975.55562009798
16:21:37,204.12661743164,975.58359110826
16:21:37,204.20660400390,975.56162811145
16:21:37,204.37246704101,975.50930522085
16:21:37,204.44656372070,975.57697656842
16:21:37,204.60653686523,975.59457984442
16:21:37,204.68655395507,975.65137618091
16:21:38,204.84649658203,975.68200421468
16:21:38,204.92648315429,975.75127329519
16:21:38,205.08642578125,975.68559137444
16:21:38,205.24642944335,975.62116609529
16:21:38,205.32641601562,975.61956690679
16:21:38,205.48641967773,975.61522759321
16:21:38,205.56637573242,975.79062796587
16:21:38,205.72634887695,975.82472419972
16:21:39,205.80633544921,975.72418452453
16:21:39,205.96630859375,975.83020863615
16:21:39,206.04629516601,975.83522098544
16:21:39,206.20620727539,975.81540892481
16:21:39,206.28631591796,975.63817499472
16:21:39,206.44616699218,975.49967011643
16:21:39,206.60620117187,975.45545456644
16:21:39,206.68618774414,975.42204711785
16:21:40,206.84606933593,975.47091069914
16:21:40,206.92614746093,975.53595115667
16:21:40,207.08612060546,975.60868466612
16:21:40,207.16610717773,975.54784412505
16:21:40,207.32608032226,975.60577694645
16:21:40,207.40603637695,975.59029342875
16:21:40,207.55789184570,975.51232240587
16:21:40,207.64602661132,975.57222543897
16:21:41,207.80599975585,975.54645988389
16:21:41,207.96597290039,975.58521618392
16:21:41,208.04595947265,975.61604503749
16:21:41,208.20593261718,975.66440063844
16:21:41,208.28591918945,975.72439496041
16:21:41,208.44589233398,975.66387318667
16:21:41,208.52587890625,975.62704702195
16:21:41,208.68585205078,975.59976335286
16:21:41,208.76583862304,975.59573417812
16:21:42,208.92568969726,975.60246129102
16:21:42,209.08584594726,975.63024896084
16:21:42,209.16577148437,975.71491876766
16:21:42,209.32580566406,975.79719395828
16:21:42,209.40563964843,975.76748448711
16:21:42,209.56564331054,975.74978235708
16:21:42,209.64572143554,975.62369181321
16:21:43,209.80557250976,975.58821779449
16:21:43,209.88568115234,975.57628331316
16:21:43,210.04562377929,975.57587148464
16:21:43,210.12567138671,975.58207648458
16:21:43,210.28558349609,975.62645108134
16:21:43,210.44552612304,975.75945696392
16:21:43,210.52554321289,975.81822775677
16:21:43,210.68551635742,975.74281471580
16:21:43,210.76550292968,975.75765941443
16:21:44,210.92544555664,975.82605440925
16:21:44,211.00543212890,975.51090387483
16:21:44,211.16543579101,975.38677824335
16:21:44,211.24545288085,975.39128461429
16:21:44,211.40533447265,975.47637742105
16:21:44,211.48532104492,975.78990742924
16:21:44,211.64532470703,975.79576360592
16:21:45,211.80526733398,975.72974657836
16:21:45,211.88537597656,975.47543279490
16:21:45,212.04528808593,975.39296880191
16:21:45,212.12530517578,975.36811413616
16:21:45,212.28518676757,975.42492007186
16:21:45,212.36517333984,975.58438082652
16:21:45,212.52520751953,975.76174231304
16:21:45,212.60519409179,975.86666866911
16:21:45,212.76516723632,975.67361650968
16:21:46,212.92510986328,975.55159466521
16:21:46,213.00509643554,975.47528730769
16:21:46,213.16513061523,975.45991709224
16:21:46,213.24508666992,975.50273575511
16:21:46,213.40509033203,975.65446963613
16:21:46,213.48504638671,975.74972410517
16:21:46,213.64508056640,975.74969564367
16:21:46,213.72497558593,975.52015906366
16:21:47,213.88500976562,975.43194421635
16:21:47,213.96496582031,975.42481662870
16:21:47,214.12490844726,975.46422062089
16:21:47,214.28491210937,975.58002458315
16:21:47,214.36477661132,975.77193650215
16:21:47,214.52484130859,975.78163037850
16:21:47,214.60485839843,975.62602851738
16:21:47,214.76483154296,975.52046682272
16:21:48,214.84481811523,975.47143077136
16:21:48,215.00476074218,975.46624283639
16:21:48,215.08477783203,975.53311347649
16:21:48,215.24475097656,975.70215870717
16:21:48,215.40469360351,975.77425030806
16:21:48,215.48461914062,975.69132946530
16:21:48,215.64474487304,975.53135698170
16:21:48,215.72467041015,975.48668927143
16:21:49,215.88464355468,975.49603822887
16:21:49,215.96469116210,975.51325272807
16:21:49,216.12457275390,975.63213253181
16:21:49,216.20465087890,975.75854512732
16:21:49,216.36459350585,975.75245682520
16:21:49,216.44461059570,975.63880357468
16:21:49,216.60452270507,975.50859826197
16:21:49,216.76449584960,975.46703046096
16:21:50,216.84448242187,975.46363739950
16:21:50,217.00445556640,975.49789398426
16:21:50,217.08441162109,975.72091839970
16:21:50,217.24441528320,975.81566462013
16:21:50,217.32440185546,975.70808577873
16:21:50,217.484375,975.54342182712
16:21:50,217.56436157226,975.50316736809
16:21:50,217.72427368164,975.49743774930
16:21:51,217.80432128906,975.53623544592
16:21:51,217.96432495117,975.68583333222
16:21:51,218.12426757812,975.74655789601
16:21:51,218.20431518554,975.76588553855
16:21:51,218.36431884765,975.59122533347
16:21:51,218.44424438476,975.50672268949
16:21:51,218.60418701171,975.48680962326
16:21:51,218.68423461914,975.50288548151
16:21:52,218.84411621093,975.58818380406
16:21:52,218.92416381835,975.76927178310
16:21:52,219.08410644531,975.79823650608
16:21:52,219.24404907226,975.63979860034
16:21:52,219.32406616210,975.51437566580
16:21:52,219.48403930664,975.48924147403
16:21:52,219.56417846679,975.48029365615
16:21:52,219.72402954101,975.62624768767
16:21:53,219.80398559570,975.72665992024
16:21:53,219.96411132812,975.88824214804
16:21:53,220.04388427734,975.62039853990
16:21:53,220.20397949218,975.50507416954
16:21:53,220.28381347656,975.51789722968
16:21:53,220.44390869140,975.51627863941
16:21:53,220.60382080078,975.51800256314
16:21:53,220.68389892578,975.61173135886
16:21:54,220.84381103515,975.82357094864
16:21:54,220.923828125,975.83697903487
16:21:54,221.08380126953,975.67467040543
16:21:54,221.16390991210,975.53742198730
16:21:54,221.32373046875,975.49432633225
16:21:54,221.40371704101,975.45069162268
16:21:54,221.56384277343,975.51693013054
16:21:54,221.64367675781,975.62323347005
16:21:55,221.80364990234,975.66988503377
16:21:55,221.96383666992,975.73622687546
16:21:55,222.04345703125,975.59291324368
16:21:55,222.20364379882,975.52395586810
16:21:55,222.28356933593,975.50976682648
16:21:55,222.44360351562,975.50495218971
16:21:55,222.52349853515,975.53646924587
16:21:55,222.68341064453,975.69819727667
16:21:55,222.76364135742,975.77456913815
16:21:56,222.92346191406,975.75667125383
16:21:56,223.08340454101,975.59156802580
16:21:56,223.16363525390,975.52595730920
16:21:56,223.32339477539,975.50906161593
16:21:56,223.40344238281,975.49953627582
16:21:56,223.56350708007,975.58554270790
16:21:56,223.64334106445,975.68743681157
16:21:57,223.80331420898,975.72652158653
16:21:57,223.88336181640,975.67414334545
16:21:57,224.04327392578,975.56132078356
16:21:57,224.12329101562,975.54024004119
16:21:57,224.283203125,975.52937555779
16:21:57,224.44317626953,975.54334965012
16:21:57,224.52316284179,975.56854597490
16:21:57,224.68322753906,975.65055201627
16:21:57,224.76327514648,975.72644361898
16:21:58,224.92315673828,975.67313570006
16:21:58,225.00311279296,975.57750317272
16:21:58,225.16329956054,975.53247697837
16:21:58,225.24307250976,975.52780357955
16:21:58,225.40307617187,975.52695877291
16:21:58,225.56311035156,975.64182397241
16:21:58,225.64300537109,975.74481190583
16:21:59,225.80297851562,975.71529495731
16:21:59,225.88302612304,975.65311885378
16:21:59,226.04293823242,975.57565456835
16:21:59,226.12295532226,975.56111041338
16:21:59,226.28289794921,975.55869075975
16:21:59,226.36297607421,975.58076169300
16:21:59,226.52282714843,975.62879015109
16:21:59,226.60284423828,975.75214746451
16:21:59,226.76300048828,975.73733250049
16:22:00,226.92282104492,975.67783049286
16:22:00,227.00277709960,975.55398814029
16:22:00,227.16299438476,975.55261240524
16:22:00,227.24273681640,975.52593152228
16:22:00,227.40274047851,975.58287377818
16:22:00,227.48269653320,975.73602541062
16:22:00,227.64270019531,975.76467900795
16:22:00,227.72262573242,975.70041687451
16:22:01,227.88262939453,975.60830660137
16:22:01,227.96286010742,975.53451447547
16:22:01,228.12255859375,975.49561667819
16:22:01,228.28250122070,975.50190598817
16:22:01,228.36273193359,975.65825248363
16:22:01,228.52249145507,975.77480522874
16:22:01,228.60250854492,975.70485796813
16:22:01,228.76263427734,975.59136247938
16:22:02,228.84246826171,975.54270517054
16:22:02,229.00241088867,975.52764431790
16:22:02,229.08242797851,975.50750472179
16:22:02,229.24237060546,975.57525183885
16:22:02,229.40237426757,975.74817923902
16:22:02,229.48239135742,975.73120926455
16:22:02,229.64233398437,975.61717800776
16:22:02,229.72225952148,975.56806708705
16:22:03,229.88229370117,975.54978849045
16:22:03,229.96252441406,975.53729320953
16:22:03,230.12213134765,975.59516820617
16:22:03,230.20227050781,975.73944429907
16:22:03,230.36242675781,975.77721369778
16:22:03,230.44223022460,975.67919461446
16:22:03,230.60214233398,975.57197094740
16:22:03,230.76235961914,975.56841264072
16:22:04,230.84210205078,975.56803718968
16:22:04,231.00213623046,975.58080043882
16:22:04,231.08209228515,975.67332307273
16:22:04,231.24209594726,975.79303924623
16:22:04,231.32202148437,975.69427401843
16:22:04,231.48205566406,975.60773204902
16:22:04,231.56219482421,975.59135209921
16:22:04,231.72201538085,975.60440477115
16:22:05,231.80194091796,975.57807323725
16:22:05,231.96218872070,975.54100411327
16:22:05,232.12188720703,975.62391530380
16:22:05,232.20196533203,975.71461969318
16:22:05,232.36203002929,975.66230998620
16:22:05,232.44189453125,975.58868114083
16:22:05,232.60183715820,975.58645187989
16:22:05,232.68182373046,975.55402026649
16:22:06,232.84176635742,975.54326423706
16:22:06,232.92175292968,975.61677103833
16:22:06,233.08175659179,975.71838344897
16:22:06,233.24179077148,975.68408686756
16:22:06,233.32165527343,975.61631893348
16:22:06,233.48171997070,975.58411998181
16:22:06,233.56185913085,975.54839952496
16:22:06,233.7216796875,975.53178002665
16:22:07,233.80163574218,975.56701223901
16:22:07,233.96185302734,975.65121389512
16:22:07,234.04159545898,975.71461602570
16:22:07,234.20156860351,975.66576363593
16:22:07,234.28152465820,975.60513288993
16:22:07,234.44152832031,975.58227817966
16:22:07,234.60150146484,975.57531005387
16:22:07,234.68145751953,975.55765104842
16:22:08,234.84143066406,975.55738209343
16:22:08,234.92138671875,975.69043669371
16:22:08,235.08142089843,975.75088422774
16:22:08,235.16162109375,975.64886788939
16:22:08,235.32135009765,975.61497764584
16:22:08,235.4013671875,975.60533780511
16:22:08,235.5615234375,975.56168609186
16:22:08,235.64123535156,975.52482391871
16:22:09,235.80126953125,975.58613913175
16:22:09,235.96142578125,975.64888432643
16:22:09,236.04132080078,975.72083179669
16:22:09,236.20123291015,975.67035474161
16:22:09,236.28121948242,975.60843645611
16:22:09,236.44119262695,975.59442999750
16:22:09,236.52120971679,975.60207678003
16:22:09,236.68115234375,975.55668836759
16:22:09,236.76138305664,975.56217435961
16:22:10,236.92108154296,975.61576062183
16:22:10,237.08108520507,975.75214387099
16:22:10,237.16128540039,975.72021337934
16:22:10,237.32107543945,975.63603870904
16:22:10,237.40103149414,975.59234007622
16:22:10,237.56106567382,975.59283438140
16:22:10,237.64096069335,975.56333708686
16:22:11,237.80102539062,975.56280411870
16:22:11,237.88095092773,975.65714635450
16:22:11,238.04098510742,975.77316408413
16:22:11,238.12091064453,975.71299433003
16:22:11,238.28094482421,975.60094590896
16:22:11,238.44082641601,975.57370990203
16:22:11,238.52087402343,975.55397558736
16:22:11,238.68081665039,975.55579274478
16:22:11,238.76095581054,975.62030145883
16:22:12,238.92077636718,975.70469807353
16:22:12,239.00076293945,975.74679578362
16:22:12,239.16094970703,975.65980989413
16:22:12,239.24066162109,975.57698405450
16:22:12,239.40063476562,975.55858752448
16:22:12,239.56091308593,975.55357840399
16:22:12,239.640625,975.53657157038
16:22:13,239.80065917968,975.64231615705
16:22:13,239.88061523437,975.76344264696
16:22:13,240.04064941406,975.75717549702
16:22:13,240.12057495117,975.65185789666
16:22:13,240.28048706054,975.62263294116
16:22:13,240.36080932617,975.65674734656
16:22:13,240.5205078125,975.66769491075
16:22:13,240.60055541992,975.60194975455
16:22:13,240.76071166992,975.58179009707
16:22:14,240.92044067382,975.61343002656
16:22:14,241.00039672851,975.66394848700
16:22:14,241.16064453125,975.70773100534
16:22:14,241.24038696289,975.66054834951
16:22:14,241.40036010742,975.59021832916
16:22:14,241.48034667968,975.61716578186
16:22:14,241.64035034179,975.76698958940
16:22:14,241.71215820312,975.76297592540
16:22:15,241.88024902343,975.77028602582
16:22:15,241.96054077148,975.79136822497
16:22:15,242.12023925781,975.78181475991
16:22:15,242.28018188476,975.75972951105
16:22:15,242.36038208007,975.75261405863
16:22:15,242.52017211914,975.75551489325
16:22:15,242.60015869140,975.75487948597
16:22:15,242.76040649414,975.75375916784
16:22:16,242.84011840820,975.73876459745
16:22:16,243.00015258789,975.74084564983
