avg_accX,min_accX,max_accX,var_accX,std_accX,avg_accY,min_accY,max_accY,var_accY,std_accY,avg_accZ,min_accZ,max_accZ,var_accZ,std_accZ,avg_magnitude,min_magnitude,max_magnitude,var_magnitude,std_magnitude,avg_pressure,min_pressure,max_pressure,var_pressure,range_pressure,std_pressure,slope_pressure,kurtosis_pressure,Pressure_below_avg,Pressure_above_avg,skew_pressure,Label
-0.9548858564882444,-1.05041503906,-0.90930175781,0.000426184843522,0.0206179631320993,0.2826868887123918,0.12866210937,0.40979003906,0.0029659902026815,0.0543915724521709,-0.1940464475945292,-0.25280761718,-0.00012207031,0.0035516892525767,0.0595201804041595,1.0179103829949874,0.98360028889,1.07624795855,0.0001579493288388,0.0125517895994845,980.0373719228836,979.94040091311,980.16889358426,0.0011367757774563,0.2284926711499793,0.0336731824784384,-5.491701957775232e-06,4.5182444532106185,0.6,0.4,0.9893242639501648,Null
-0.96893005370765,-1.19372558593,-0.76904296875,0.0073895406509676,0.0858549171529517,0.2687927246054,0.04333496093,0.48083496093,0.0062337418770361,0.0788552948275738,-0.0999896240212499,-0.23803710937,0.44372558593,0.0232398375789611,0.1522555023144113,1.02491122596935,0.80448804624,1.23612920839,0.0074193923602197,0.0860281574795091,980.032858314274,979.90528456461,980.18679453623,0.0035156222086272,0.2815099716199256,0.0592185203555919,-0.0001039144905803,0.116615987365086,0.52,0.48,0.2685260582063297,Null
-0.96659912108995,-1.01953125,-0.90185546875,0.0002134222076053,0.0145907043039842,0.2643841552697,0.18981933593,0.35021972656,0.001118997848986,0.0334095847679008,-0.15214782714475,-0.21569824218,-0.00524902343,0.0014824813316784,0.0384548453169331,1.0148755633907,0.94205776004,1.05047944141,0.0001977531045545,0.0140448824058143,980.057585355474,979.96168279654,980.17116179211,0.0020989329753267,0.2094789955699525,0.0457568097979789,0.0001978022832058,-0.0483319471603849,0.51,0.49,0.2293577765392284,Null
-0.9724339405863224,-1.21545410156,-0.76940917968,0.0078452408728463,0.0884617406612826,0.2389165075924937,0.07690429687,0.42749023437,0.005553323078328,0.0744267079682231,-0.1301933692112342,-0.21313476562,0.06115722656,0.0043373807239575,0.0657757959412558,1.0144678236613351,0.8046370833,1.27034800152,0.0082262052178794,0.0905841282893153,980.0186353735722,979.90832405894,980.21525538974,0.0032758890708628,0.3069313308000119,0.0571632527163436,2.5658442058430264e-05,0.789799374328231,0.53,0.47,0.662119274095341,Null
-0.979575575788078,-1.19885253906,-0.77917480468,0.0074304945821615,0.0860882953497969,0.2488848797647532,0.07397460937,0.47839355468,0.0084146287981026,0.0916120768207242,-0.0763129692556103,-0.19897460937,0.21984863281,0.0076903118223714,0.0875804600722627,1.0210740008221038,0.79680392004,1.26442998229,0.0076857261721567,0.0875543445354613,980.0193371783486,979.87152645173,980.1650303406,0.0034811991551186,0.2935038888699637,0.0589250123410343,0.0001644948318838,0.0562405270485646,0.47,0.53,-0.0640873027163225,Null
-0.9681795810094148,-0.99206542968,-0.93298339843,7.716873340776015e-05,0.0087728842129971,0.2525556848368085,0.17797851562,0.43859863281,0.0014774820195925,0.0383868798697706,-0.1579768404009042,-0.19763183593,-0.03540039062,0.0011805398843662,0.0343132649369201,1.0142971812623938,1.00125922701,1.03492850911,4.8032539002186346e-05,0.0069213288382953,980.0300398986138,979.92228340468,980.14146006665,0.0017937502959393,0.2191766619699819,0.042296331796625,5.0440360780938e-05,0.2171582363881703,0.46,0.54,-0.1243617765580016,Null
-0.9791304216959664,-1.02368164062,-0.95703125,0.0004075934096157,0.0201606470972923,0.2493366487178151,0.22448730468,0.2666015625,5.665236071944657e-05,0.0075162271541909,-0.1832029198361624,-0.20629882812,-0.16357421875,4.8009510412455696e-05,0.0069191784187959,1.0269130858591318,1.00611321662,1.07335867696,0.0003898835163249,0.0197177941371484,980.5976905202448,980.17375973723,980.92369640912,0.05656387985888,0.7499366718900546,0.2374982897167451,0.0022938145293521,-1.3079887176837175,0.48,0.52,-0.1478855421934767,lift down
-0.974504944902081,-1.12255859375,-0.88928222656,0.0008108851173171,0.0284348644925934,0.2249290157567919,0.04931640625,0.34594726562,0.001872014465608,0.0432042129794725,-0.1651844178972543,-0.20397949218,-0.03344726562,0.0018626459876091,0.0430959698545318,1.0156356371880346,0.9587180162,1.15928799798,0.0005571124645335,0.0235690965652471,980.9701361160572,980.86389831052,981.06438986402,0.0010252909395641,0.2004915535000009,0.0319738591814108,8.403838726129592e-05,3.143026905769135,0.37,0.63,-0.2473759091004919,Null
-0.985147871206154,-1.17980957031,-0.84130859375,0.0038717751194206,0.0621314748211086,0.2355462249176627,0.04321289062,0.40368652343,0.0072306987736733,0.0849076331889616,-0.0568724863597633,-0.17468261718,0.08239746093,0.0031555010486441,0.0560906877005901,1.0195957791649113,0.854275398,1.22027719009,0.0038845634030141,0.0622339988421202,980.987168850686,980.87965813715,981.14294050181,0.0031683763964771,0.2632823646599718,0.0562050042417314,9.101776150625172e-05,0.399401789350128,0.46,0.54,0.3682164543979205,Null
-0.9945814344583024,-1.17980957031,-0.80334472656,0.0073684452580961,0.0857070775554853,0.151553307047037,0.00610351562,0.37329101562,0.0076223577141067,0.08717127920762,0.0229518560711419,-0.11547851562,0.16149902343,0.0041713491700208,0.0644862360162649,1.0119888073555248,0.81584545203,1.19195122683,0.0076928291255774,0.0875733168596868,980.8304056517342,980.65951565187,981.0375094778,0.0068955323568595,0.3779938259299342,0.0829110960582798,-0.0006425973404728,-0.513964918477317,0.49,0.51,0.0762136721157803,stairs up
-0.9788586031969034,-1.21020507812,-0.84985351562,0.0026120009049684,0.0510252397897113,0.2615612399157742,0.10571289062,0.40747070312,0.0035324052250959,0.0593381021733183,-0.0566642515094838,-0.19836425781,0.29846191406,0.0084254230679199,0.0916419351816073,1.020585079101903,0.9215665479,1.26204269195,0.0027270075390174,0.052136462677329,980.4868312792892,980.38460263796,980.62158905182,0.0015016859482551,0.236986413859995,0.0386890397921033,-4.696008390353344e-05,2.2121555785517426,0.63,0.37,1.2079505467866112,Null
-0.9937858453919732,-1.26281738281,-0.84130859375,0.0106609923416022,0.103079274584278,0.1787464562827425,-0.02734375,0.36218261718,0.0088039795466649,0.0936724868839149,0.0002547554350501,-0.12536621093,0.16064453125,0.0044038967663862,0.0662507963322645,1.016388095549264,0.86482467595,1.27004483911,0.0103395262785143,0.1015132795405006,980.340608011444,980.12198772647,980.598666689,0.0114666252361512,0.4766789625299452,0.1069031118301683,-0.0009507237246188,-0.6167701744349325,0.54,0.46,0.0616109167191398,stairs up
-0.9817141535660412,-1.29638671875,-0.78442382812,0.0138418096408098,0.1174785845321665,0.2015563427841348,0.00354003906,0.43676757812,0.0117012975571322,0.1080138088465518,-0.0151764542471847,-0.15600585937,0.17272949218,0.005692241334616,0.0753362365981899,1.010863783285396,0.82018984831,1.29889815292,0.0139570540801496,0.1179666236813975,980.0911213618526,979.91202517992,980.43376162936,0.0110493266764274,0.5217364494400272,0.1049615356161544,-0.0006517366979822,1.3951740403379942,0.52,0.48,0.9758118657543208,stairs up
-0.9826884846079396,-1.42932128906,-0.80126953125,0.0189617668902876,0.137512450796666,0.2447144225370604,-0.06872558593,0.48498535156,0.0097144769225766,0.0984265655154288,0.0071297111096703,-0.14270019531,0.18481445312,0.0060511084386476,0.0776819445840902,1.0193778946528296,0.82100443041,1.47315603725,0.0206251646810194,0.1434172309755245,980.0110757987654,979.91342969284,980.20814255735,0.0057695115022025,0.294712864509961,0.0758528918095932,-7.639435047790952e-06,0.460149763225401,0.72,0.28,1.1776344409562358,stairs up
-0.921436160632374,-1.27551269531,-0.43981933593,0.045201595518597,0.2123095242296043,0.358882286025782,-0.08215332031,0.98168945312,0.0670777008534184,0.2586316550114073,0.0210008674498324,-0.14819335937,0.31701660156,0.0150179063838005,0.1223762923307774,1.045125391783296,0.79274066219,1.42628279447,0.0129729063735462,0.1137394795350544,979.7893910870044,979.54366875587,980.0853778837,0.0186732558158049,0.541709127829904,0.1364591363132517,-0.000918866495828,-0.8835439113459271,0.46,0.54,-0.0950314096291344,stairs up
-0.6506060843453582,-1.05139160156,0.33764648437,0.117690423469455,0.3425685356621402,0.6652926469559598,0.17236328125,1.16882324218,0.0481247420159293,0.2190590075124296,0.0541219192094555,-0.31042480468,0.34545898437,0.0266427384467427,0.1629920188903951,1.0266592385492836,0.75612612017,1.32760584726,0.0069934917955843,0.0835072041032648,979.5545984357714,979.42687925679,979.81014637436,0.0054880708430149,0.3832671175699715,0.0739753047419179,0.0001895202865743,1.832978946155264,0.52,0.48,1.0086240975202634,Null
-0.990491509100028,-1.35791015625,-0.69982910156,0.0300063588795372,0.1729806563003631,0.2849996443854622,0.07373046875,0.54052734375,0.007243648858988,0.0849903437223881,-0.0456683161543417,-0.24719238281,0.10510253906,0.0071705664425419,0.084560515740236,1.0371795646361623,0.73116002548,1.43642111387,0.0330310434347006,0.181489722859205,979.8365822342876,979.61806660204,980.21111392098,0.0149141290925055,0.5930473189399663,0.1219522563158949,0.0008794998262119,0.1194659265602897,0.5,0.5,0.3962605019395389,stairs down
-0.9905843998148895,-1.35205078125,-0.65478515625,0.0308189342406835,0.1753105788685415,0.308497307705221,0.12866210937,0.86694335937,0.0180055868115784,0.1339994314222682,-0.0488507181217127,-0.24243164062,0.0849609375,0.0039681106472048,0.0629058742533851,1.048589454232652,0.68983697337,1.40685338215,0.0320098117448918,0.1786655726506059,980.0023087010172,979.89740257749,980.22154325447,0.007191289969346,0.3241406769800505,0.0846842637533196,0.0001559551717326,-0.3708734751571443,0.64,0.36,0.8960192683304634,stairs down
-0.8874686594720785,-1.47302246093,-0.46984863281,0.0465748107639915,0.2155086602525939,0.2710019229465449,0.03637695312,0.76904296875,0.0199566342540221,0.1410694023969566,-0.3251534794130056,-0.79187011718,0.17004394531,0.0865921006304284,0.2938517728255226,1.0446849951213204,0.69655392225,1.53744263774,0.0278002080374908,0.1664996022982501,980.2419583407872,980.01065978281,980.56430482908,0.0142772092465447,0.5536450462700486,0.119319339279889,0.0009469235854297,-0.2023669537115973,0.5,0.5,0.3095012650325862,stairs down
-0.856108684058078,-1.31372070312,-0.07543945312,0.0911841943576251,0.3015463469970573,0.3547030053063787,0.17297363281,0.73193359375,0.0194498997015123,0.1392685237514737,-0.225225847076908,-1.00341796875,0.11608886718,0.1017601473823509,0.3185540659492794,1.0468561575520057,0.74303129315,1.41717984976,0.0248236268246755,0.1573355656927228,980.4854534906872,980.36068962036,980.67880956745,0.0089993662623567,0.3181199470900537,0.0947327735778891,0.0002473137204602,-1.076440210134422,0.53,0.47,0.4274308048333244,stairs down
-0.7811353278842699,-1.41943359375,-0.359375,0.0466475607227623,0.2156827648326127,0.4570393207608264,0.06359863281,1.06909179687,0.0735900961237298,0.2709010309803174,-0.1978231803102479,-0.88781738281,0.72680664062,0.1695246236695282,0.411166163110448,1.058627369992617,0.64547706334,1.45388360884,0.0265365842196415,0.1626759990958912,980.7633606439684,980.43731582683,981.07972116074,0.0192062191820854,0.6424053339100055,0.1383954821783174,0.0010975069999802,-0.4544664773452456,0.51,0.49,-0.0422342837422109,stairs down
-0.7469705597480055,-1.11096191406,-0.27673339843,0.0314240714715093,0.1770226657298849,0.6590836543415789,0.3466796875,1.05871582031,0.0209759828355805,0.1446301407728332,0.1235493583341274,-0.21118164062,0.72155761718,0.0291337346488183,0.1704494992153251,1.0279380170278394,0.64876099066,1.41006675499,0.031721682751205,0.1778589639400647,980.9542078584504,980.81294247386,981.25762146887,0.0081079869635123,0.4446789950100083,0.0899195594174566,0.0004549767065881,1.838876358700075,0.58,0.42,1.231993683976948,stairs down
-1.0138967069120643,-1.44714355468,-0.20617675781,0.0381382967221411,0.1950283294238194,0.3297443134180429,-0.01416015625,0.63464355468,0.0154507902329122,0.124134472258101,0.0299324260637801,-0.18566894531,0.53552246093,0.0126599647459383,0.1123655811255677,1.084281279931689,0.66815372605,1.48083485024,0.0280946617504054,0.1673897874466154,981.2845325085976,980.98240966909,981.61184235538,0.0207496040213541,0.6294326862899879,0.1438540060483177,0.00108370210071,-0.6260087668490901,0.45,0.55,-0.0076284398656226,stairs down
-0.9839033801538996,-1.37170410156,-0.69873046875,0.0203275033012798,0.1423758432087761,0.2924933898379108,0.14526367187,0.44262695312,0.0044069410858757,0.0662922731844761,-0.0139700801916991,-0.13830566406,0.146484375,0.0046370269437215,0.0680008120108059,1.0306659826437323,0.74596673573,1.43313082359,0.0208888828899729,0.1443284330499649,981.462912367854,981.34214713264,981.70467359784,0.0079232731223696,0.3625264652000624,0.0888887097650772,0.0005960816962219,0.274604531651017,0.47,0.53,0.7880652057810198,stairs down
-0.9429736987925136,-1.44116210937,-0.43408203125,0.047881156108983,0.2185217325095122,0.3199868691894594,0.0078125,0.65502929687,0.0167704368393761,0.1293256020067368,-0.1841978330843513,-0.958984375,0.09826660156,0.0676722997415016,0.2597872237699386,1.059312026222054,0.57015542257,1.49058908963,0.0354399099713307,0.188000336252007,981.8323545875012,981.56163949657,982.12705889275,0.0178905117522713,0.5654193961800047,0.1335745447972992,0.0010093183823809,-0.4816720912423293,0.46,0.54,0.0380024365431297,stairs down
-0.976796902818604,-1.36267089843,-0.50146484375,0.0267071849008829,0.1631903675313328,0.2984511329198006,0.04174804687,0.5048828125,0.0072691687626932,0.0851378815814582,-0.0752273081361823,-0.59729003906,0.19323730468,0.0271057140771461,0.1644034361578737,1.0422151575281482,0.68829223113,1.41518828327,0.0236273405221197,0.1534927560559712,982.038941847817,981.8800794638,982.35822291055,0.0133108650533166,0.4781434467499821,0.1152082564786788,0.0007473267767485,-0.4528988984923909,0.49,0.51,0.5015157611004961,stairs down
-0.8816584425016435,-1.24780273437,-0.69226074218,0.0124200552116739,0.1112899768964055,0.4462673006580779,0.18469238281,0.61169433593,0.011452013495151,0.1068649322093624,-0.2358690862176044,-0.42150878906,0.32055664062,0.0302830136764714,0.173777616159072,1.0400533210085794,0.87452131188,1.29689141343,0.004415961464589,0.0663600839079893,982.56211338024,982.4544781018,982.74998794064,0.0064268382502395,0.2955098388400756,0.0800558317290637,2.066073022688293e-05,-0.3524648686164093,0.61,0.39,0.8789260283218607,Null
-0.7991437543126795,-1.44738769531,-0.33142089843,0.0651241278325115,0.2548415722108481,0.5489532302060498,-1.06164550781,1.11437988281,0.0969246216740181,0.3108968866044383,-0.0996731078414916,-0.54455566406,0.53479003906,0.0662724341996842,0.2570785116983392,1.0743877706747238,0.84846566049,1.80327913726,0.0233610311024894,0.1526319031768905,982.5438321217443,982.43055845643,982.82612983993,0.0055077951918376,0.3955713834999415,0.0741119443004488,5.371498924372335e-05,1.5894637089833932,0.52,0.48,0.9879414602315628,Null
-0.8287599020131563,-0.86682128906,-0.61596679687,0.0036269188227685,0.0601397353220347,0.4401105315953073,0.35583496093,0.73913574218,0.0079994549271516,0.0893146689015104,-0.3342244238793855,-0.4560546875,0.35961914062,0.0305484035594632,0.1745367377467095,1.0167871988340502,0.91725646446,1.0496706287,0.0004482357352948,0.0211419885575676,982.565726477646,982.42770006759,982.86514614222,0.0079085076710739,0.4374460746300883,0.0888055002098598,-0.0002203440699884,3.331881121312211,0.74,0.26,1.7974758373337476,Null
-0.8496784008278272,-0.8759765625,-0.83203125,8.164988098924995e-05,0.0090234385904072,0.4102756000792479,0.38256835937,0.43798828125,0.0001726777286329,0.0131223752489553,-0.3980464669622841,-0.41638183593,-0.38330078125,6.789785506470232e-05,0.0082285311295031,1.0242099561911977,1.00899655626,1.04252773061,2.716955436493569e-05,0.0052051775334762,982.5603251439168,982.55098055016,982.57663516413,3.64469518239569e-05,0.0256546139700049,0.0060287169680846,1.3430972957746095e-05,-0.4451289974321355,0.56,0.44,0.5651856675739492,Null
-0.9215494791629972,-1.20031738281,-0.70227050781,0.0104899406154461,0.1022768645798651,0.378123563875042,0.08630371093,0.68737792968,0.0106024364771427,0.1028238191059158,-0.1725075772467787,-0.56530761718,0.07897949218,0.0275765770920241,0.165829224740517,1.0301342025408684,0.85230255342,1.25211378426,0.0091869635796158,0.0957143133918656,982.535399369022,982.43715288643,982.64748980596,0.0027939451196259,0.2103369195300501,0.0527836995939118,-8.76332360938333e-05,-0.8745180052895383,0.46,0.54,-0.0768465411397429,Null
-0.9239909997112078,-1.22985839843,-0.59790039062,0.0124071645577867,0.1112308993578235,0.4077741644319663,0.07739257812,0.7724609375,0.0179213504105662,0.1336824952588277,-0.0471729750032865,-0.3525390625,0.38049316406,0.0279214794258777,0.1668623633534386,1.035946198839944,0.80592551872,1.29017315037,0.0069060478107969,0.0829858349364065,982.5547958599992,982.45387078843,982.80694120057,0.0047161188987063,0.3530704121400276,0.0685774844516041,0.0002568427233306,3.006608188112186,0.61,0.39,1.5718482296479297,Null
-0.8799193665181869,-0.94689941406,-0.85693359375,0.000201461415314,0.0141742001498256,0.4158489520692306,0.37780761718,0.46447753906,0.0002427510980331,0.0155590552223508,-0.3139346615261813,-0.3544921875,-0.19702148437,0.0009654651885105,0.0310292251211503,1.023258431614066,0.99540702484,1.05585878113,9.165310687423884e-05,0.009560403371437,982.5434339006252,982.39098817166,982.69233136839,0.0033835825117163,0.3013431967300448,0.0580886129578378,-4.4867252124164566e-05,0.9617863781938985,0.66,0.34,0.328075970914797,Null
-0.8798516091303089,-0.92419433593,-0.85717773437,0.0002635555258492,0.0162115761521952,0.4359895513255899,0.41931152343,0.466796875,0.000192717738219,0.0138627701509385,-0.325034495146236,-0.3515625,-0.30285644531,0.0001179305236085,0.0108443191622533,1.034402760854354,1.0097472523,1.08918223933,0.0004579716202231,0.0213701938008917,982.48072530535,982.2032273578,982.55848165916,0.0102429081316315,0.3552543013599916,0.1010650083747024,-0.000801861173969,0.683708345795472,0.33,0.67,-1.4103567233069465,lift up
-0.8644855458213173,-0.87829589843,-0.85668945312,1.6625248819552138e-05,0.0040719230457447,0.4395486154825268,0.42834472656,0.4541015625,3.094876241955588e-05,0.0055556787903598,-0.3237432664404301,-0.33935546875,-0.31005859375,3.660138531087361e-05,0.0060417708074823,1.022461628477258,1.01429586737,1.03466467071,1.4545942854950427e-05,0.0038087846956776,981.7813310655184,981.32243832602,982.19456331069,0.0656794065274277,0.8721249846699948,0.2559352437297357,-0.0023782617681254,-1.2240795551766317,0.48,0.52,-0.1526963853113216,lift up
-0.8634558272652603,-0.87609863281,-0.85095214843,2.4250799336903488e-05,0.00491775952958,0.4379086847133971,0.42919921875,0.44616699218,1.4288199917503694e-05,0.0037747919365582,-0.328415962110904,-0.34191894531,-0.31274414062,4.482393333516165e-05,0.0066858902203336,1.0223694824453975,1.01293493689,1.0361247732,2.0859010091681032e-05,0.0045609058441089,980.894070819942,980.44505763912,981.32243832602,0.0696214205477857,0.8773806868999827,0.2634970150302401,-0.0024988829926043,-1.252068391648347,0.48,0.52,-0.0591389028849743,lift up
-0.8310490636601083,-0.97595214843,0.04211425781,0.0136580154710295,0.11670904797387,0.4308377397704336,-0.28540039062,0.71252441406,0.0062360898002628,0.0788618401250211,-0.3612606389699186,-0.76379394531,-0.30224609375,0.0099528829210665,0.0996288629796838,1.0159626608069108,0.61167066928,1.25386990289,0.004370772296329,0.0660221734340582,980.135525316176,979.90694551227,980.44505763912,0.0188131223962826,0.5381121268500237,0.1369749551003686,-0.001114920913261,-0.5798765964308079,0.63,0.37,0.864995023895567,lift up
-0.5658495820180672,-1.39587402343,0.66967773437,0.4078908066173181,0.6377681830714652,0.4535654105356022,-0.28540039062,1.21997070312,0.061749821595481,0.248146837391772,-0.0271160221889916,-0.98217773437,0.49096679687,0.0617725994609933,0.2481926005534935,1.0097494651217929,0.31907977174,1.44384933848,0.0370771602595712,0.1922844316833989,979.9678067701958,979.75670343293,980.25929520566,0.009127399283943,0.5025917727300566,0.0954035237251227,0.0002502973266181,1.2664796676044725,0.56,0.44,0.6914190235447918,Null
-0.9430035033474315,-1.11022949218,-0.72521972656,0.0055613707341928,0.0744726509007625,0.3671401393830874,0.21362304687,0.71850585937,0.0096836228446713,0.0982708749261802,-0.0762115645257923,-0.25732421875,0.29064941406,0.0102937061615169,0.1013192048986478,1.0262678509147816,0.89292698059,1.19737944443,0.0021046623332535,0.0458138831547825,979.97765586127,979.88328583026,980.35741957924,0.0039901296698591,0.4741337489799662,0.0630811198079553,-3.475837972533129e-05,14.296621278244023,0.6,0.4,3.016865490754585,Null
-0.3684659343835327,-1.69702148437,0.30407714843,0.3032856948642624,0.5499287527085052,0.5185574697258974,-0.19250488281,1.00280761718,0.0884197529643686,0.2969307071292308,-0.4861184144594301,-1.1142578125,0.10119628906,0.079981391730957,0.2824066651445187,1.0391381670020514,0.59809207608,1.83132529738,0.0316050221742136,0.1775245880885137,979.9570417799836,979.78682566303,980.46113354746,0.0122067004531109,0.6743078844300499,0.1103264407508151,-0.0001578677580712,5.398755480259181,0.6,0.4,1.8163626141039717,Null
-0.6522032349940384,-1.03723144531,0.26574707031,0.0821683173938508,0.2862561444897794,0.6775871528336265,0.29797363281,1.15673828125,0.0203534092763961,0.1424692714828204,0.0169027139843681,-0.76135253906,0.37036132812,0.0726866204285671,0.2692339724308696,1.0260096195701922,0.65654467597,1.24440306286,0.0068291385690586,0.0825250095387053,979.9803353395262,979.87955160504,980.26233867871,0.0036041554693347,0.3827870736699879,0.0599520970719135,0.0001426849188782,7.378548729230619,0.54,0.46,1.9548166654474408,Null
-0.8009194618374381,-1.04064941406,-0.15954589843,0.0619446287683577,0.2485437233327656,0.4756259550363636,0.22436523437,1.03674316406,0.0521197842625961,0.2279829019678809,0.0339204141930303,-0.21057128906,0.87683105468,0.0676517566174706,0.2597410020423045,1.0211990576040495,0.68952499533,1.31645613442,0.0072306058663715,0.0849157632124111,979.7258179507028,979.39592874513,980.02589729791,0.0313684837374526,0.6299685527799284,0.1768673773811951,-0.0015496201685505,-1.2699479824273192,0.53,0.47,0.0735128551992585,lift up
-0.9767477793200822,-1.22399902343,-0.76391601562,0.0049775901541361,0.0704553257095384,0.256357354983726,0.02075195312,0.36767578125,0.006200662463944,0.0786363424098837,-0.0777878852716164,-0.16491699218,0.10583496093,0.0042561874880791,0.0651500322366812,1.018228447398329,0.83362456338,1.26986981499,0.0045924244739926,0.0676745335346492,979.4989010678904,979.35511210585,979.59123023463,0.0024278190676881,0.2361181287799354,0.0492053605677121,6.527069381344743e-05,0.621258956450859,0.43,0.57,-0.6924038812198956,Null
-0.9808676948726816,-1.10766601562,-0.83190917968,0.0033203785934289,0.0575421914154181,0.2366472808974581,-0.00231933593,0.50366210937,0.0142540554708115,0.1192234862491744,0.0484544125336871,-0.20263671875,0.37292480468,0.0151389186385664,0.1228683488793425,1.024717572609413,0.91219362935,1.14661344357,0.0030355506944278,0.0550188286184284,979.4954135850336,979.38118348734,979.60423393665,0.0030201300484628,0.2230504493099943,0.0548789024216873,0.0002483457341755,-0.5661120607630465,0.54,0.46,0.0566097417827536,Null
-0.960615678263526,-0.98168945312,-0.85717773437,0.0003505402671594,0.0186969139563818,0.2982598086655923,0.21887207031,0.47607421875,0.0014846650093665,0.0384782409046317,-0.0943579975861983,-0.21752929687,0.02282714843,0.0017183446448833,0.0413957837596929,1.01184613713135,0.92987975368,1.07699437911,0.0003569651748761,0.0188674799519894,979.5050544940956,979.43926891254,979.64212733501,0.0013342202365376,0.2028584224699443,0.0364766322279883,1.104503277764802e-05,2.907533394931326,0.58,0.42,1.1533160860133798,Null
-0.9669271059979946,-1.02392578125,-0.91906738281,0.000376539539855,0.0193775819750068,0.2667032310850418,0.15844726562,0.41687011718,0.003115068682911,0.055735012437165,-0.1681374042437604,-0.25793457031,-0.04016113281,0.0017967288520313,0.0423287613365613,1.0193386179864343,0.95736116444,1.08965899497,0.0005728122814425,0.023900140251825,979.8939376832606,979.51859085896,980.33596025183,0.056056028905428,0.8173693928699777,0.2364315629904664,0.0022282423887089,-1.1680392358456175,0.52,0.48,0.1757895360626283,lift down
-0.98414935487281,-1.2431640625,-0.80993652343,0.006503603927177,0.0805337672216746,0.2299488582523416,0.07763671875,0.43957519531,0.0062374134114634,0.0788684376313303,-0.0685487016819283,-0.27160644531,0.1904296875,0.0115642945161447,0.1073891845368715,1.0217389350638568,0.83913922589,1.29912400855,0.0064309744416876,0.0800828212455873,980.4316176792156,980.26885095657,980.65058295393,0.0064214283472286,0.3817319973600206,0.0800233619762039,7.733060935414172e-05,0.355771067896113,0.44,0.56,0.1804483609230466,Null
-0.980685294939548,-1.25805664062,-0.7021484375,0.0119958395872404,0.1093797776490286,0.2504386090180319,0.080078125,0.50256347656,0.0057194133099845,0.0755261683416609,-0.0777682040576861,-0.18579101562,0.16955566406,0.0075560055078669,0.0868096178343018,1.0208318940336172,0.7227711045,1.31906239167,0.0136413109682315,0.11664060564773,980.4100044369868,980.27891680648,980.57845813256,0.0037511690215869,0.2995413260799751,0.0611652884259664,-0.0001283658862634,0.8235293814677824,0.34,0.66,-0.05836965291834,Null
-0.9814840802329396,-1.51770019531,-0.73254394531,0.0190267366239019,0.1377562981595826,0.2264055066810236,0.0244140625,0.42553710937,0.0102201391135445,0.1009619463037214,0.042101762425433,-0.08825683593,0.22009277343,0.0054730020462176,0.073882590719673,1.014935569797664,0.74121514923,1.55755788277,0.0205489109810287,0.143160667892659,980.0999821618934,979.9522106818,980.40403986656,0.011478842195136,0.4518291847599585,0.1069986635449159,-0.0007498312012929,-0.7296530272631694,0.52,0.48,0.428525002594083,stairs up
-0.9968568599387152,-1.45556640625,-0.73779296875,0.0241017425667497,0.1550303817433558,0.215333054182514,0.01513671875,0.46252441406,0.010747834454687,0.103526868834788,-0.0194770344138547,-0.16796875,0.16455078125,0.0055806003353113,0.0745990084801284,1.028100942424274,0.76764824233,1.47561067854,0.0238636325773581,0.1542626798217938,979.9540094130404,979.78065303304,980.17310412947,0.0079355454638088,0.3924510964299088,0.0889571758527533,-0.0001596120870967,0.0449929061470992,0.55,0.45,0.7120868592589654,stairs up
-0.9783844884543238,-1.33129882812,-0.73193359375,0.0257229888184866,0.1601710275889963,0.2212309091058886,-0.10205078125,0.45227050781,0.013436691737011,0.1157629070336021,0.0180485975827851,-0.1015625,0.15222167968,0.0040652798277288,0.0636749290703297,1.0113359175904508,0.75174221697,1.40636759902,0.0268863579724778,0.1637529888981613,979.689347556338,979.46514755333,980.08620606875,0.0205735882193649,0.6210585154200317,0.143244603274693,-0.001079224296543,-0.398723922861814,0.54,0.46,0.4603775395341652,stairs up
-0.982484281729382,-1.189453125,-0.84143066406,0.0050772166988425,0.071154443671375,0.2502883739649157,-0.02526855468,0.44934082031,0.008374527233347,0.0913838239539382,0.0044720253255618,-0.13195800781,0.26831054687,0.0094307990356677,0.0969758115570096,1.0227450639364326,0.89680417076,1.25895971498,0.0047638148550712,0.0689233875594446,979.4922807563204,979.3210058229,979.69029623103,0.0050587592875905,0.3692904081299275,0.0710249905990257,0.0002228028341927,0.3337344599750955,0.51,0.49,0.376164662255333,Null
-0.9777573295227446,-1.01611328125,-0.95532226562,0.0001110889877477,0.0105255458527542,0.2409939973211684,0.19079589843,0.30944824218,0.0006742965350165,0.0259319148439859,-0.1136822907784239,-0.17358398437,-0.03637695312,0.0008325755044246,0.0288151534958375,1.0141582921013588,0.98663403894,1.05219921883,0.0001079818007602,0.0103773008028969,979.499094258058,979.46154202477,979.59155811858,0.0008326605846402,0.1300160938100134,0.02881662575681,-5.346596009770721e-05,0.1450694010439259,0.57,0.43,0.8623993954329956,Null
-0.99070592940965,-1.23327636718,-0.83435058593,0.0055440365640128,0.074349668406161,0.2158566132891545,-0.01599121093,0.50866699218,0.008186845039833,0.0903491930619595,-0.0302542194325072,-0.21533203125,0.1767578125,0.0083329540546164,0.0911518498327194,1.0220243766614578,0.85684067094,1.28780699768,0.006492244806617,0.0804569262350517,979.493712641326,979.32696244099,979.58973956153,0.0026852912752045,0.2627771205400222,0.0517442019715011,9.37335943393644e-05,0.9080469800811716,0.5,0.5,-0.610121116951979,Null
-0.9795515550253552,-1.18981933593,-0.83288574218,0.0032214520497242,0.0566802458372193,0.2400062435924863,0.02563476562,0.39599609375,0.0063436851805565,0.07953837254675,0.0347186646166666,-0.13208007812,0.2900390625,0.0072080130798294,0.084783955174438,1.0159634633801369,0.89913018931,1.25055812654,0.0028830719402667,0.0536208419789198,979.4757844205476,979.38158838625,979.60413311544,0.002595093413621,0.2225447291900764,0.050872418798973,5.9026652890727634e-05,-0.3902013149548287,0.58,0.42,0.3448989978941837,Null
-0.99190954980965,-1.00268554687,-0.97863769531,2.5422543814636336e-05,0.0050347219993853,0.2079273813280758,0.16723632812,0.25122070312,0.0003348747144359,0.0182728871094614,-0.0337348248413119,-0.05517578125,-0.00830078125,0.0001187090377994,0.0108794736688035,1.0142292130596793,0.99987507576,1.03209247999,4.045484469068262e-05,0.0063511337993357,979.4888789218368,979.4612394712,979.53230432285,0.0002991942555153,0.0710648516500214,0.0172719995673965,-9.347673791693253e-05,0.0609296325894845,0.59,0.41,0.7477095589577404,Null
-0.979158152700924,-1.00500488281,-0.9482421875,0.000297969118125,0.0172383125460262,0.2045440673793206,0.18530273437,0.23010253906,0.0001302562166772,0.0113974672435016,-0.0442956012189945,-0.0673828125,-0.01794433593,0.0001260435930037,0.0112116494433293,1.001444350840462,0.97171070298,1.02528175865,0.0002545110366831,0.0159317114775912,979.5977893524276,979.46708554727,979.90763953816,0.0190064021217914,0.4405539908899527,0.1376762662550767,0.0011935277320944,-0.8001001808356758,0.61,0.39,0.8105527385626206,lift down
-0.9883961607591496,-1.00903320312,-0.96337890625,7.391593153608735e-05,0.0085848220292279,0.2053494719076246,0.16674804687,0.37219238281,0.001100020420068,0.033117888726994,-0.0577850789232258,-0.09558105468,-0.00048828125,0.0004414042108524,0.0209787933483185,1.0119082039008505,0.9920647763,1.03889873476,8.713746944438188e-05,0.0093210479208816,980.4072300286512,979.90763953816,980.90881424204,0.0852097930132335,1.0011747038799967,0.2914788344327691,0.002947031313015,-1.2788235132498755,0.5,0.5,0.0051485727456028,lift down
-0.984051678627892,-1.02697753906,-0.95056152343,0.0001484628261804,0.0121680555266171,0.2327102248697567,0.11022949218,0.37841796875,0.0022944490385957,0.0478356334229816,-0.0493846996378378,-0.1455078125,0.0888671875,0.0023248923014005,0.048151934630854,1.0146774216657568,0.97919843077,1.04819752296,0.0001434802316418,0.0119621255315255,981.387931525536,980.90881424204,981.91175183846,0.094782484162366,1.0029375964199971,0.3074513218157494,0.0028095291646334,-1.343487078938469,0.54,0.46,0.1086063813374636,lift down
-0.9977277789158774,-1.04797363281,-0.97338867187,0.0004443129946521,0.0210478938102867,0.2266735054559064,0.20190429687,0.24633789062,0.000109788792487,0.0104626847714124,-0.07972119425769,-0.10595703125,-0.05847167968,9.37353840751238e-05,0.0096675386735574,1.0263861783813155,1.00254496445,1.07670074178,0.000431296424137,0.0207372930606124,982.30117641996,981.91175183846,982.50638224934,0.0376739963038571,0.594630410880086,0.1938139273115525,0.0018688507801954,-1.3013818136092608,0.43,0.57,-0.5199721996866474,lift down
-0.9840633733445258,-1.16931152343,-0.87927246093,0.0016282160814798,0.0402964461432266,0.2025583158629539,0.04858398437,0.30419921875,0.002978037102572,0.0544973993995904,-0.0311279296860162,-0.10766601562,0.18530273437,0.0046919632861341,0.0684050286051781,1.0089937814791057,0.89086320268,1.1847351035,0.0015884137221062,0.0398008678030132,982.4803232781572,982.35899140045,982.64361230292,0.0019237483631089,0.2846209024700101,0.0438010839239263,2.8425060421736445e-05,1.6016703825939516,0.51,0.49,0.1824131476690902,Null
-0.9859191894493334,-1.14526367187,-0.87902832031,0.0015192745746451,0.0389236993038087,0.2074493408166944,-0.02722167968,0.38708496093,0.0050857402476593,0.0712152595404655,-0.0405151367168333,-0.12878417968,0.31201171875,0.0079332703165394,0.088945114843644,1.0148249594914445,0.93721711341,1.16884620902,0.0013452929627596,0.0366272581264697,982.4977830345229,982.38560397272,982.60570162763,0.0020777081726722,0.2200976549099778,0.045518532062024,-2.5489351525310816e-05,0.420314570472704,0.55,0.45,0.2335244752691039,Null
-0.9861556343372556,-1.12451171875,-0.8408203125,0.0020075258189202,0.0447445034134549,0.2200904514444293,-0.00695800781,0.40893554687,0.0058968147100746,0.0766863140140279,-0.0469940848953532,-0.22875976562,0.11926269531,0.0062766068137951,0.0791173231158542,1.0174102720035598,0.85362937745,1.18462020756,0.0021963622738759,0.0468016441819272,982.4973784146874,982.41973862159,982.59880067972,0.0008396240756571,0.1790620581299435,0.0289368707446918,-6.033008845434594e-06,1.1378177037072597,0.44,0.56,-0.0246322961657273,Null
-0.9929773667241456,-1.20922851562,-0.85021972656,0.0023310867981957,0.0482136613761991,0.2012559906736134,-0.03344726562,0.31750488281,0.0041680630039346,0.0644700531830478,0.0228715998116526,-0.15637207031,0.36047363281,0.0143935367566591,0.1198049194587955,1.0224544511572269,0.88087171558,1.24642418572,0.0025249938278969,0.0501788901437063,982.5256538251246,982.34903369393,982.71291899202,0.0069162858312786,0.3638852980900537,0.0830476518729531,0.0004967764022386,-0.1916076522106107,0.52,0.48,0.3870940496922307,Null
-0.9789143656597802,-1.00427246093,-0.92712402343,0.0001414123953873,0.0118753484073361,0.239885267316456,0.16613769531,0.35852050781,0.0014279722779066,0.0377365774434191,-0.0994732196478846,-0.14953613281,0.01733398437,0.0006939990934871,0.0263076510272384,1.0138309356754394,0.96653747931,1.03849543966,0.0001175206041171,0.010825790747775,982.5114386366412,982.45580633909,982.63319439104,0.0026580535226699,0.1773880519499471,0.051485446272004,-0.0001512979041014,-0.4533622647352642,0.65,0.35,0.9269275451697696,Null
-1.0001753686143662,-1.0322265625,-0.96960449218,0.0003305786967685,0.0181561969908891,0.2052050093494929,0.17578125,0.23059082031,0.0001359163303775,0.0116418841892155,-0.1025428449561971,-0.12097167968,-0.07702636718,0.0001022949839692,0.0100998430227812,1.026260450367352,0.99660356975,1.05631887927,0.0003325113450491,0.0182091925513726,982.4452971967232,982.23706605857,982.56119079699,0.0050885029456367,0.3241247384199823,0.0712332024727393,-0.0005551902128905,0.7752410646826289,0.31,0.69,-1.135046852628102,lift up
-0.9848922813754972,-1.0009765625,-0.96044921875,5.776241417845514e-05,0.0075896541092729,0.2165726298085635,0.16638183593,0.28466796875,0.0007614664830313,0.0275565415910525,-0.0982257990507458,-0.14343261718,-0.03759765625,0.0004910859934288,0.022129830597788,1.0137999328975966,0.98033955851,1.03825651186,8.143374297145101e-05,0.0090115918616174,981.717326591306,981.20895544498,982.23706605857,0.0730285621960601,1.0281106135900018,0.2698644582682249,-0.0025428563380487,-0.989438746637751,0.49,0.51,0.0270381806317338,lift up
-0.984292602534611,-1.20166015625,-0.82873535156,0.004728030152927,0.0686651056639075,0.2206037733251389,-0.00598144531,0.43225097656,0.009562682164486,0.0976530550391208,-0.0026000976564722,-0.14306640625,0.20959472656,0.0094922902019896,0.0972929736887837,1.0183525178838335,0.90604909774,1.21927136493,0.0041914435597051,0.0646513778733922,980.8541547713916,980.72152486822,981.07969844229,0.0056960872494487,0.3581735740700651,0.0753675313703917,0.0001613770491191,0.8908678671863282,0.57,0.43,0.872334071167509,Null
-0.981405306259608,-1.00708007812,-0.94348144531,0.0001613448617048,0.0126843571107708,0.2314972864110364,0.15002441406,0.34753417968,0.0017296629709796,0.0415309279533115,-0.1074608554319607,-0.15649414062,-0.0166015625,0.0013761815728586,0.0370449284317633,1.0155421507169466,0.97407322051,1.0481582861,0.00022802066441,0.0150791893371084,980.8610663961192,980.71870842377,981.00699177717,0.004457301041093,0.288283353400061,0.066669450305242,-0.0001618992828365,-0.5028693883670492,0.42,0.58,-0.2545675364601839,Null
-0.9793048316687466,-1.11108398437,-0.91101074218,0.0007133322935575,0.0266710572629839,0.2564153219630362,0.06030273437,0.44226074218,0.0045197465687503,0.0671353613637333,-0.0685242889290529,-0.1240234375,0.13488769531,0.0019831399250732,0.0444703930545888,1.0179520886425906,0.94297303212,1.13002832871,0.0004532745714381,0.0212605730914077,980.8574828652256,980.7565055924,981.00139369233,0.0023140111217769,0.2448880999299945,0.0480371253130933,8.486456061201426e-05,0.6066261934520685,0.62,0.38,0.8170668234768875,Null
-0.995414669770336,-1.50756835937,-0.63171386718,0.021733804860646,0.1472172743105719,0.2996952687285434,0.06689453125,0.5400390625,0.0067495581124455,0.0820405496519899,-0.0457315738777871,-0.22448730468,0.30615234375,0.0095470157951442,0.0975718886461741,1.0487494567497198,0.78756897336,1.54000071185,0.0208658716245545,0.1442477861351012,981.0446041819785,980.85493482605,981.36771940529,0.0147162020404467,0.5127845792400194,0.1211403326146651,0.0009012882412286,-0.3869569612307897,0.58,0.42,0.649314162674114,stairs down
-1.0118620797448876,-1.33862304687,-0.75817871093,0.0180953879256481,0.1343300345577413,0.2924118899190449,0.01611328125,0.51879882812,0.0115087290733302,0.10712796638915,-0.1011537701863202,-0.24487304687,0.0546875,0.0046444910850072,0.0680547188792572,1.0640123666778087,0.80307182588,1.39175723091,0.0216667495327176,0.1469894141655338,981.2606174228004,981.14223881913,981.40406946181,0.004554849211456,0.2618306426800245,0.0673947675357604,0.0001013529412935,-0.84349933186044,0.56,0.44,0.4915129939646482,stairs down
-0.9687664128115968,-1.22521972656,-0.744140625,0.0144828922772733,0.1201762204080605,0.2551956817843138,0.05712890625,0.44995117187,0.0054785188090775,0.0739132790370964,-0.0319707961304201,-0.19921875,0.14929199218,0.0066894457225874,0.0816744010041516,1.0077547985018769,0.74929773711,1.289240426,0.0154080283106441,0.123955107064925,981.4389311523169,981.21377043512,981.70901771931,0.0163855836154348,0.4952472841900999,0.1278267797533613,0.0010527161674033,-0.8167153102053568,0.52,0.48,0.2565574032553371,stairs down
-0.993466252861848,-1.3564453125,-0.70263671875,0.0216613096737953,0.1469777106205121,0.2706328682236413,0.09558105468,0.48229980468,0.0082846882712539,0.0908965100066357,-0.0838632998230434,-0.22497558593,0.10949707031,0.0054200234371248,0.0735207121331634,1.03869918997125,0.75996364964,1.38587070914,0.0234077677176371,0.1527879565056978,981.7890782406134,981.58554483434,981.99432579563,0.0092955154479879,0.4087809612899491,0.0962821681057307,0.0005952653126216,-0.501723281369761,0.45,0.55,0.0480300532952065,stairs down
-0.9921995350973803,-1.39331054687,-0.64477539062,0.0236222864185397,0.1534788088520906,0.2713581783632958,0.09301757812,0.49914550781,0.0060926352346332,0.0779453198201127,-0.0738934584044788,-0.24291992187,0.11889648437,0.007342306532909,0.0855664886465213,1.0366351575573238,0.6559453893,1.44171341928,0.0259689653658682,0.1609217615823077,981.9154894018092,981.75544116155,982.1536646857,0.0077745406206934,0.398223524150012,0.0880490800989367,0.0005166586771162,-0.2321810509038306,0.52,0.48,0.449953054585855,stairs down
-0.991986558516622,-1.42724609375,-0.70971679687,0.0267614713956032,0.1633699018286326,0.2523523898255496,-0.03295898437,0.46997070312,0.0095171477225291,0.0974250100394241,-0.0333130864605362,-0.22741699218,0.25866699218,0.009784959549671,0.0987862663235593,1.0324616337396513,0.73349243252,1.43951047889,0.0288692788633772,0.1696817059464939,982.2285459823092,981.98856744086,982.49642285531,0.0141561964925448,0.5078554144499776,0.1188202180738946,0.0009448603356448,-0.8052175711743343,0.45,0.55,-0.2587208074391813,stairs down
-1.0031879519585951,-1.26342773437,-0.72705078125,0.0102260867345821,0.1009847300176904,0.2931305015680716,-0.02380371093,0.68054199218,0.0101296886735095,0.1005076275467196,-0.0903602789228374,-0.29650878906,0.06518554687,0.0072404160418089,0.0849733487165649,1.056056404108292,0.76386101568,1.44587140488,0.012362615956159,0.1110340450622752,982.4426295267016,982.33765534317,982.59013724429,0.0035028249696406,0.2524819011199497,0.0591030905628204,3.928004864828281e-05,0.3403253197780516,0.62,0.38,0.899375214101033,Null
-0.5609991355001094,-1.04223632812,1.01953125,0.4830246659182796,0.6940496570087133,0.3601564501121857,-0.22546386718,1.08203125,0.0399715581966164,0.1996555691408968,-0.0423820787412841,-0.45764160156,0.98278808593,0.0642652043410409,0.2531592707191227,1.006036924507459,0.51318831219,1.53640809596,0.0198297142974089,0.140625512444038,982.4402807760392,982.35666669649,982.61441428975,0.0027700932498327,0.2577475932599782,0.0525597249711302,1.417107518065386e-05,2.929679984889825,0.5,0.5,1.3836299604072764,Null
-0.9002999247082122,-1.18029785156,-0.55053710937,0.0124621535866209,0.1114779938003108,0.268112438348743,-0.67114257812,0.75524902343,0.0817102233926046,0.2854504905323149,-0.2557751533004468,-0.66613769531,0.02319335937,0.0335262504019055,0.1828458412372732,1.0339684167733798,0.88056130451,1.27274143175,0.0061134802536137,0.0780794690884154,982.4499412209389,982.29446396948,982.77728683159,0.0076420527657385,0.4828228621099697,0.0872966565776324,-3.683680096378093e-05,3.81809540605159,0.65,0.35,1.7263844177955383,Null
0.2710246777050137,-0.75720214843,0.69921875,0.1905228552830117,0.4358875989660291,0.6186015651866942,0.03210449218,1.02685546875,0.0678660730546033,0.2601520981573377,-0.2742734966841874,-1.00012207031,0.7666015625,0.2345048580463815,0.4835895358190578,1.004801841310744,0.4061099141,1.2994310514,0.0132940580717831,0.1151409367786892,982.4010927267716,982.26975709258,982.63278307676,0.0062401530430664,0.3630259841800125,0.078885756247979,4.696500191462257e-05,0.3508420485626224,0.54,0.46,0.5717925323375633,Null
-0.9195525517850142,-1.29760742187,0.43725585937,0.0453494983963093,0.21265236787378,0.3745009986904249,0.1396484375,0.70666503906,0.006214143466089,0.0787181024938743,-0.0970472816675354,-0.36279296875,0.44616699218,0.0113455593055608,0.1063645566480089,1.0229602191403115,0.45108878621,1.35812955563,0.0115622006930099,0.1073752605742964,982.4503452467252,982.27513465927,982.95802029945,0.0101871824454267,0.6828856401800749,0.100788509125017,3.914094719274245e-06,10.802948684341423,0.62,0.38,2.7377460887913583,Null
-0.9674123128215276,-1.18017578125,-0.79968261718,0.0048110860459179,0.0692655897110006,0.3267791748009722,-0.00769042968,0.4453125,0.0055857616535864,0.0746340783355238,-0.1253977457651389,-0.29968261718,0.05493164062,0.0050349547243751,0.0708587943661879,1.0337729639733055,0.83206243859,1.22243781164,0.00511240310935,0.0714016945849454,982.4684794991848,982.33770520615,982.84695830712,0.0046759122876125,0.5092531009699997,0.0682856034781066,-1.9888920582408423e-05,9.90095629245114,0.53,0.47,2.1081395945161376,Null
-0.8068251176279546,-1.26342773437,0.42065429687,0.1648855492050224,0.4054838151508965,0.421354467214716,0.16723632812,1.11950683593,0.0439463993263634,0.2093359777988591,0.0166861794220738,-0.24499511718,0.72766113281,0.0428254236197379,0.2066488821272802,1.030728181013125,0.55823613436,1.30934545647,0.0173760030078055,0.1316306930882651,982.4511997013144,982.3466106644,982.60955622799,0.0046001985750315,0.2629455635899376,0.0677283532139959,-0.000148789395478,-0.657508478963428,0.56,0.44,0.6368943220339311,Null
-0.8979778816655525,-1.251953125,0.08361816406,0.0641731912502512,0.2529741434243284,0.3570995014637569,0.24865722656,1.07861328125,0.0108680633179656,0.1041059126255881,-0.0760140603388397,-0.18591308593,0.91418457031,0.0282843649118124,0.1679471086594934,1.01830668100163,0.6422813565,1.37138069171,0.0057700997964563,0.0758561816482759,982.4622153998574,982.38090566125,982.84836490863,0.0031484585093799,0.4674592473799066,0.0560335712781429,-9.92856136609975e-05,24.44230073599609,0.59,0.41,4.215294491272238,Null
-0.9745618060493696,-1.0224609375,-0.9404296875,0.0005273219070637,0.0229305681578253,0.2929771445162177,0.2568359375,0.33203125,0.000223911114705,0.0149422065164352,-0.1385340649587106,-0.17456054687,-0.09704589843,0.0004405135737684,0.0209583242942925,1.027351512112722,0.98310212687,1.0760505594,0.000536748542421,0.0231346186694635,982.3831684400316,982.15527581089,982.54067473477,0.0104147542906523,0.385398923880075,0.1019063913001231,-0.0009019749826424,-0.5855991377648886,0.44,0.56,-0.668347845848422,lift up
-0.9657267369832276,-1.19079589843,-0.68969726562,0.0081061493494531,0.0899043307549958,0.3345623620953026,0.21179199218,0.5947265625,0.0061267144765991,0.0781604646794942,-0.0964636898832276,-0.23364257812,0.099609375,0.0045308678115625,0.0672146602730494,1.0326153048522766,0.88004842505,1.25770622302,0.0062987899203654,0.079250475001921,981.8659589741924,981.7548800413,981.9449412402,0.0021088039461175,0.1900611989000253,0.0458554980489371,-0.0001051278618821,-0.4648278054189654,0.44,0.56,-0.6031924603821356,Null
-0.7161120739584615,-1.51147460937,0.63024902343,0.2888417872242091,0.536701281748736,0.3340762630891483,0.04235839843,0.8427734375,0.0248517444864938,0.1574276674005536,-0.2346932547402472,-0.95349121093,0.20654296875,0.0798917786642326,0.2822628132712745,1.0244258684118954,0.50244859814,1.53784045001,0.0226678057625342,0.1503513603891861,981.8558473724072,981.71319506374,982.31826714175,0.0103796691308369,0.6050720780099255,0.1017406190088386,-5.725983409157591e-05,7.8539590357722275,0.48,0.52,2.3174545985928,Null
-0.7409955192983474,-1.20849609375,0.24914550781,0.1644811954308552,0.4049943997032463,0.4294286562243978,0.17614746093,1.03405761718,0.0202812153897007,0.1422125355324161,-0.2730651342528851,-0.83349609375,-0.00415039062,0.0559389045857436,0.2361825839816724,1.0188457321889914,0.48303486416,1.34869977382,0.0100565235158937,0.1001416695598579,981.8479428100288,981.71008651579,982.18482046691,0.0038011123712287,0.4747339511200152,0.0615667523720382,0.0001500602872143,6.318004526741383,0.48,0.52,1.0286745915982212,Null
-0.6856983639160664,-1.07458496093,0.00366210937,0.1119091293889901,0.3340645623238941,0.4666328747150138,0.15612792968,0.90380859375,0.0299393006250938,0.1727899484181063,-0.3147168780268421,-1.24389648437,0.40380859375,0.1462201315769168,0.3818574205920205,1.03065288795759,0.74147813928,1.43288327627,0.0120337461142741,0.1095463903444714,981.8403502185912,981.7074051291,982.05289222251,0.0044616502951711,0.345487093409929,0.0667030070767372,-0.0002626022456495,1.3807810371399594,0.51,0.49,0.8009242118985286,Null
-0.7685742324618257,-0.8251953125,-0.68444824218,0.0005002438968914,0.0223346976116927,0.6733525308291012,0.56066894531,0.72766113281,0.0011772207455913,0.0342624276101993,0.1251073258609831,0.01232910156,0.33569335937,0.0029879598468764,0.0545854074019714,1.0313213923435671,0.9463134227,1.08539886289,0.0007925559042957,0.0281128017754488,981.7394413107676,981.44438507747,981.87232189452,0.016245950521064,0.4279368170500675,0.1272804612994043,-0.0010862926247042,-0.2085685160698527,0.38,0.62,-1.0170280566188803,lift up
-0.7645874023401389,-0.77685546875,-0.73645019531,7.373252286978975e-05,0.0085748300453281,0.6649603949618333,0.64587402343,0.6943359375,0.0001190524118324,0.0108959492789071,0.0883402506476389,0.05541992187,0.11962890625,0.000163620058708,0.0127736274622741,1.0172700213566666,1.00209607299,1.02921316541,3.260742340289504e-05,0.0057023545335918,980.9933919637416,980.55789371904,981.44438507747,0.0596946641692501,0.8864913584300211,0.2439853390219767,-0.0023416372552424,-1.1245998793861318,0.46,0.54,-0.1258179525022761,lift up
-0.7692533524971508,-0.7783203125,-0.76037597656,1.3003480488246015e-05,0.0036009940179136,0.6551199971590782,0.63000488281,0.67822265625,7.47271260923973e-05,0.0086324035530848,0.1012109511350837,0.08239746093,0.12133789062,5.946823174987481e-05,0.0077007869319106,1.0155250285601396,0.9991590048,1.02850487222,3.238212679633246e-05,0.0056825763460059,980.1126720020676,979.68626429614,980.55829161846,0.0572195483568253,0.8720273223199229,0.2388717589338761,-0.0023079053513008,-1.086215189727511,0.5,0.5,-0.0335421409322464,lift up
-0.7787897099408289,-0.98010253906,-0.56604003906,0.0062895646443211,0.0791971600270706,0.6429891849712983,0.38415527343,0.95495605468,0.0077897579441912,0.0881376155556588,0.0845036796414917,-0.3046875,0.39440917968,0.015430656273796,0.1240484991908114,1.025250727978812,0.77728383394,1.23846896821,0.0053936802065792,0.0733401700127586,979.42846880171,979.32087628776,979.54788132746,0.0016584478032534,0.227005039699975,0.04066775695475,1.526565396438039e-05,0.9876874410448622,0.52,0.48,0.5987677163375134,Null
-0.7786051432252991,-0.93408203125,-0.68823242187,0.0018328197513119,0.0427504157011222,0.6463515235451566,0.39294433593,0.76086425781,0.0033903129723535,0.0581433913788688,0.1487884086723077,-0.03186035156,0.38818359375,0.0082656577009043,0.0907860607062867,1.028475830617379,0.91490148692,1.24217465232,0.0018272841988368,0.042685808659886,979.4378902023224,979.39933364307,979.50093133018,0.0004772074731228,0.1015976871100292,0.0218139383805942,6.105395662863109e-05,0.721627570890877,0.58,0.42,0.6496749492480145,Null
-0.9988140267351552,-1.64953613281,-0.62353515625,0.0378885882161506,0.194375563789897,0.2620646731918028,0.12744140625,0.41540527343,0.003928232883043,0.0625872785660318,-0.0153977085164507,-0.19641113281,0.13000488281,0.006666944366441,0.0815362756168394,1.0373385153725916,0.63761568375,1.6709109138,0.0389301006223936,0.1970290292498019,979.66459802547,979.41767597865,980.01216373189,0.0178906871991689,0.5944877532400596,0.1335675518125545,0.0009379321065083,-0.0949992314200036,0.54,0.46,0.4401073194748803,stairs down
-1.017234759619441,-1.33483886718,-0.79846191406,0.0106308958802392,0.102962132069758,0.2985539782607542,0.09924316406,0.57080078125,0.0088776874428569,0.0940897945222541,-0.0520871977548044,-0.22473144531,0.28698730468,0.0090114487404723,0.0947959761590434,1.068960293680391,0.87994301576,1.40049078249,0.0119145271977229,0.1090011302487027,979.8764990212352,979.75598737814,980.07715454903,0.0060088644903229,0.3211671708899075,0.0774085263562127,4.495310209204095e-05,-0.409234206245852,0.55,0.45,0.6175825294573959,Null
-0.9816675693678992,-1.26354980468,-0.74963378906,0.0072070424863447,0.0847753188862499,0.2901895133012885,0.13110351562,0.46240234375,0.0027432433215604,0.0523025732311332,-0.0792417552923529,-0.18139648437,0.07800292968,0.0018553467249389,0.0430133662399175,1.028505128844706,0.77631227311,1.33935285978,0.0081456117299946,0.090126549309373,979.8843829737187,979.80048024783,980.06134733482,0.0014566145471288,0.260867086989947,0.0381121292285766,1.893995851757781e-05,7.432958543109134,0.49,0.51,1.653017852118361,Null
-1.007381162160754,-1.35803222656,-0.74963378906,0.0233332191318782,0.1525386591724353,0.2473471870595251,0.06359863281,0.44738769531,0.0055729772804332,0.0745480402478133,-0.0222403243928212,-0.20544433593,0.14721679687,0.0074829837223602,0.0863833405998611,1.0433135889975418,0.76100338331,1.37737478198,0.0243443592473351,0.1558087232598065,979.939592406282,979.77878002218,980.22328376145,0.0122295566812374,0.4445037392700897,0.1104327664617022,0.0006948424598955,0.0955875198421587,0.54,0.46,0.7653938131509879,stairs down
-1.017489906114818,-1.34387207031,-0.73291015625,0.0220880088822985,0.1484120537859333,0.2656359418730812,0.04296875,0.48278808593,0.0092006046589695,0.0957853467766532,-0.0534288422380392,-0.21813964843,0.15002441406,0.0057969486981906,0.0760309854378795,1.0587117673368067,0.74484760012,1.42501834681,0.0248835805652437,0.1575242161031075,980.2449080540616,979.99848961805,980.50358392141,0.0129078808141895,0.5050943033600106,0.1134536217372466,0.0006894826499769,-0.2011233291891243,0.53,0.47,0.2374327769936697,stairs down
-1.0206179151311203,-1.31616210937,-0.71069335937,0.0224901064211039,0.1497568326458798,0.262671035207339,0.03198242187,0.5498046875,0.0102911995401786,0.1013033693946572,-0.0313813025196078,-0.15380859375,0.18774414062,0.0043431664011338,0.065810338617255,1.0598819667583754,0.72212327428,1.40758183248,0.0253835888446591,0.1590989828845495,980.3410500223964,980.17966057804,980.61989062124,0.0111378560381874,0.4402300432000174,0.1053881281828743,0.0002487407341814,-0.4318236324567985,0.54,0.46,0.6883737338432278,stairs down
-0.996891161418,-1.32238769531,-0.751953125,0.0175795468560052,0.1324010083258682,0.2667160678881972,0.10632324218,0.45739746093,0.0057294006164595,0.075586119491567,-0.0405201226881408,-0.19348144531,0.13940429687,0.0073771753615291,0.085769426871484,1.0387996055564788,0.80123126713,1.38498391178,0.0181174264774115,0.1344112773291357,980.6224100343604,980.36127197887,980.91429966575,0.0177312433702448,0.5530276868800001,0.1329710352137697,0.0010232463401033,-0.6361448060352903,0.46,0.54,0.0790577052793308,stairs down
-1.0360306860657464,-1.45349121093,-0.70520019531,0.0230555244137172,0.1516264464878199,0.2763634050359718,0.10656738281,0.53540039062,0.0094715278809667,0.0971846053690535,-0.0513885068198309,-0.19934082031,0.1005859375,0.0047570916036691,0.068874460764718,1.0791431177067323,0.76730302923,1.48018292206,0.02507698177788,0.1581339381429244,980.786411812281,980.66087687992,981.05067216018,0.0092365609697213,0.3897952802600457,0.0959715712495969,4.474222815055611e-05,0.3569426192937537,0.59,0.41,1.0942286565900423,stairs down
-0.987118011725738,-1.34204101562,-0.70886230468,0.0243822475819711,0.1559305308712421,0.2595078832220891,0.04797363281,0.72644042968,0.0103323703347598,0.1015065976126525,-0.0159830502482172,-0.21069335937,0.13293457031,0.0069302102533141,0.0831318593950623,1.0290932366374932,0.76616926699,1.36908954737,0.0245661339360931,0.1565174258466219,980.9978840178755,980.7618019527,981.32600853087,0.0151058928098311,0.5642065781700012,0.1227347347493039,0.0009382958840681,-0.5439873692427653,0.53,0.47,0.3461565483559826,stairs down
-1.0349515315117848,-1.55053710937,-0.72900390625,0.0206246688109127,0.1434093511145134,0.2739330432193201,0.04223632812,0.55505371093,0.0130495908988735,0.1140728855568813,-0.0742851451813881,-0.25061035156,0.13098144531,0.0048055061039551,0.069223498699617,1.0802928647234278,0.74677785497,1.65084971977,0.0241584122437125,0.155209454658085,981.239171491904,981.11099250809,981.4139898965,0.0046774652754579,0.302997388409949,0.0682950559382778,2.0812383421586527e-05,-0.3425856715901911,0.57,0.43,0.6752825449415796,stairs down
-0.9944206089818836,-1.37084960937,-0.63623046875,0.0300899710454991,0.1732241880487582,0.240898491599252,-0.06188964843,0.42333984375,0.0074158139099197,0.0859957643673028,-0.0141943088858448,-0.1884765625,0.18981933593,0.0083959803286417,0.091502583381042,1.0306399400854849,0.66101682876,1.39278313517,0.030747008475886,0.1751052161052172,981.3618556373711,981.12248220953,981.72600359156,0.0143024119201979,0.6035213820300669,0.1194269360346019,0.0008332197439554,0.1612811051799036,0.5,0.5,0.3339351612700016,stairs down
-0.9932296374578512,-1.27453613281,-0.86999511718,0.0055131415079763,0.0741481880447763,0.2712324998888705,0.00720214843,0.44653320312,0.0052411216045427,0.0722958038409912,-0.0495840866025619,-0.25622558593,0.17041015625,0.0066942211380618,0.0817054450909867,1.0364774018219285,0.91048909105,1.328065164,0.0056613717427988,0.0751383768615723,981.8372038212732,981.71476617913,982.08686331422,0.0050982005006816,0.3720971350899162,0.071303266904141,-9.171011515296924e-06,2.487650827669041,0.59,0.41,1.3028888346852836,Null
-0.7534811708320118,-1.35461425781,0.42846679687,0.2349016398605929,0.4839490309885259,0.4018724430206804,0.10229492187,0.8916015625,0.0332011612508659,0.1819421143197514,-0.2360836232169526,-0.87426757812,0.15307617187,0.0824334598875535,0.2866872405803141,1.0524532222968048,0.53440398923,1.58764288495,0.0262769352588739,0.1618616472388236,981.8233501098798,981.70218040478,982.0278177832,0.005545024148125,0.3256373784199695,0.0743546821070274,-0.0002362563084403,0.1509961427390562,0.48,0.52,0.6301948336021886,Null
-0.9597582673337808,-1.08483886718,-0.85705566406,0.000922613986961,0.0303329239838122,0.3135628478126849,0.22229003906,0.47863769531,0.0018882243692638,0.0433941372977246,-0.1694934583655616,-0.30041503906,0.03637695312,0.0038998019405943,0.0623627898006175,1.026416447328137,0.90208125734,1.17807187357,0.0013508562833397,0.0367036143618177,981.8383532161272,981.76057589461,981.96750835069,0.0015416302829754,0.2069324560799259,0.0392097773312285,-3.051191891555345e-06,0.6159554394982178,0.52,0.48,0.6965721247841689,Null
-0.9522015272474555,-1.14611816406,-0.87915039062,0.0012776447097941,0.0356912411644633,0.309988168565858,0.24731445312,0.36840820312,0.0005359302333098,0.0231158958490385,-0.1931322086450295,-0.25476074218,-0.07043457031,0.0020242420283182,0.0449249724159919,1.0212252133464497,0.94858298969,1.20716704681,0.0010089744000902,0.0317173338843142,981.8556843028852,981.79815492398,981.92951257656,0.001061794019182,0.1313576525800499,0.0325369423388011,7.67973666038845e-05,-0.9815963817194002,0.5,0.5,0.0315913051532329,Null
-0.8019570498733244,-1.22399902343,0.21643066406,0.172376156068564,0.4146160468071781,0.3489807295179291,0.07141113281,0.92028808593,0.024614259631466,0.156675431399222,-0.262982028053624,-0.95959472656,0.033203125,0.0708322946556333,0.2657805318829077,1.0431145913392372,0.80101630319,1.29512204195,0.0131228611488343,0.114398881261957,981.853914908424,981.73059781806,982.15065431532,0.0076425547875886,0.4200564972600205,0.0873025222294437,-0.0001602078285726,0.7542782172072147,0.6,0.4,1.0146786784558108,Null
-0.8090382771285842,-1.44738769531,0.11608886718,0.0647222037914992,0.2540221592588664,0.5266451548343976,0.11145019531,0.92028808593,0.0292453592325623,0.1707550022726684,-0.1798687670584638,-0.71618652343,0.3466796875,0.0596257005617409,0.2438157195057801,1.0484607712266565,0.70417820146,1.49777726056,0.0180599719531067,0.1341848517800125,981.8674325843452,981.74330264324,982.17951823792,0.0101133861699094,0.436215594679993,0.1004137648102769,7.518353948493992e-05,1.3643396499202662,0.68,0.32,1.3962979971517464,Null
-0.9056897008628614,-0.94506835937,-0.88452148437,0.0002916538153653,0.0170526678155311,0.3543798395982596,0.3232421875,0.37158203125,0.0001033893196495,0.0101530456714094,-0.3448259471755457,-0.37683105468,-0.32690429687,0.000151315529498,0.0122828812175309,1.0319327061320354,1.00637735159,1.07871316677,0.0004247286986366,0.0205785279264584,981.7977796613126,981.50919616926,981.87295696173,0.0105708282952194,0.363760792469975,0.1026627776307836,-0.0008555462886137,0.6638382601803361,0.31,0.69,-1.421339049338402,lift up
-0.895484437329468,-0.90393066406,-0.8857421875,2.2836358506401303e-05,0.0047532534670781,0.3496249584412765,0.337890625,0.35876464843,2.7293875019786074e-05,0.0051964906087892,-0.3463160737999999,-0.35681152343,-0.33349609375,4.482589059734565e-05,0.0066595059441957,1.0218345017182977,1.01708938957,1.03098370986,1.3148972326461837e-05,0.0036068115617727,981.4053063316436,981.30522546366,981.50919616926,0.0034307480559213,0.2039707055999997,0.0582601985593725,-0.0021379667682005,-1.1119101060017167,0.46,0.54,-0.0593564310800255,lift up
