avg_accX,min_accX,max_accX,var_accX,std_accX,avg_accY,min_accY,max_accY,var_accY,std_accY,avg_accZ,min_accZ,max_accZ,var_accZ,std_accZ,avg_magnitude,min_magnitude,max_magnitude,var_magnitude,std_magnitude,Label
-0.7532277733350505,-1.23791503906,0.05908203125,0.11385226512416154,0.33699370825603114,0.25768919665108586,-0.07971191406,0.89770507812,0.026868893524995812,0.16371024031431594,0.4628070869792172,0.06518554687,1.00524902343,0.07840022925852849,0.2796466500453975,1.0296611126745454,0.8164058667,1.2611074118,0.006328224835119676,0.07944963479698584,Null
-0.808106079098025,-1.11535644531,-0.50817871093,0.042165745021340524,0.20508615423471954,0.5420474243128249,0.07885742187,0.86828613281,0.06320079306217229,0.25108323536133764,0.120300903318325,-0.12915039062,0.37194824218,0.0158905486256906,0.1259000486661001,1.0384250860381998,0.87168518652,1.23367932791,0.003960338143125403,0.06285250430784432,Null
0.010469360352200035,-0.86608886718,1.19665527343,0.5194216629682762,0.7198076887689208,0.5811346435507749,0.00903320312,1.6484375,0.1211145958056979,0.3475799322690878,-0.023175354004424983,-0.78833007812,0.53796386718,0.1495251011811094,0.38620109842950556,1.0418922179733499,0.50947452871,1.66656433675,0.0410135249709887,0.20226465622683867,stairs up
-1.001936645503925,-1.22338867187,-0.85168457031,0.004824454948350398,0.06937141926600264,0.32503265380495,0.02978515625,0.68103027343,0.016765463052697792,0.12931956307947398,0.113627014157,-0.24780273437,0.52905273437,0.016619321314235262,0.12875470092757652,1.074024598589875,0.91357677954,1.35372975955,0.007036835919379071,0.08378092760038303,Null
-0.665590820308925,-1.142578125,-0.16638183593,0.0392867688189146,0.19796098579484625,0.706550598140775,0.20202636718,1.03515625,0.03302693514306787,0.18150583408036833,0.236216735836275,-0.04833984375,0.60827636718,0.01623116698524681,0.12724224560963898,1.034777434907725,0.76429469475,1.36268029726,0.015621456720868707,0.1248294960298508,Null
-0.63094085692995,-0.9365234375,-0.33032226562,0.015136334784694006,0.12287592908186806,0.7614178466757999,0.53137207031,1.06640625,0.017454409939529326,0.13194989168120033,0.21924987792529996,0.03527832031,0.55773925781,0.011408163730057947,0.10667541104084297,1.0213786996538499,0.77223006317,1.36683080107,0.027687573133922047,0.16618770773161065,stairs up
-0.5484057617149,-0.69079589843,-0.44836425781,0.003952998093162726,0.06279423220272559,0.8429699706996999,0.69482421875,0.9892578125,0.00429271632724869,0.06543687443965038,0.1668090820275,0.01184082031,0.36657714843,0.006432907174950537,0.08010508664880878,1.0254305226522,0.87046570653,1.17983585334,0.0023124702621613326,0.04802800314926626,Null
-0.5892138671837001,-0.87890625,-0.44128417968,0.009033996873613611,0.09492845664725397,0.8211584472619999,0.64636230468,1.0224609375,0.007576209935677706,0.08693255667952318,0.1423864746066,-0.01928710937,0.32568359375,0.005015443815789148,0.0707312180458507,1.0272839105615,0.80015437082,1.34228384629,0.00802750731130835,0.0894842921580658,Null
-0.6121740722615999,-0.96472167968,-0.3701171875,0.02275400091663853,0.1506556202547616,0.8026977539026001,0.54809570312,1.1572265625,0.02238346714720913,0.1494239220451033,0.15994384765269998,0.01684570312,0.32421875,0.005825999571883985,0.07623276574383403,1.0260804942646002,0.70130776706,1.44879377051,0.04276460303654643,0.20653738530579654,stairs down
-0.6234887695275999,-0.95275878906,-0.36999511718,0.01637334595946409,0.1277983278238234,0.7879199218713001,0.56359863281,1.09997558593,0.016635528339722407,0.12881746589214174,0.17954223632439997,0.02416992187,0.365234375,0.005987971855245502,0.07728519861918833,1.025411861643,0.69398200863,1.41529984371,0.02929456809520717,0.17094248060376668,stairs down
-0.6251770019494,-0.89526367187,-0.40747070312,0.009520370970687527,0.09745034655279994,0.7818090820274,0.5078125,1.04760742187,0.012261487541333398,0.11059310024807183,0.21184692382420003,-0.02685546875,0.45788574218,0.00935810800631317,0.09661631713275655,1.0330380696372001,0.73127033498,1.24292683341,0.010872488145382256,0.1041408033626532,stairs down
-0.19010406494002496,-1.205078125,0.50634765625,0.14204200880899506,0.37641320883700746,0.748825683589525,0.06884765625,1.55603027343,0.13596177019870181,0.3682687412382499,0.095985717771625,-0.88220214843,1.16784667968,0.21636239837893945,0.4645659182322699,1.020379989787875,0.6455456698,1.69722953643,0.058193139158831474,0.24093081229044655,stairs down
-0.15338989257440003,-0.35327148437,0.04907226562,0.009440204928325494,0.09703919010381672,0.9176110839803,0.59985351562,1.416015625,0.038721545972226365,0.1965317839620243,0.3969946289029,0.09204101562,0.78625488281,0.029251100538834035,0.17081561049121638,1.0266628280759,0.66679435242,1.49293621612,0.04644215811952639,0.21523487803845265,stairs down
-0.1573645019498,-0.47521972656,0.08972167968,0.01150601061197458,0.1071319074106526,0.8670825195273001,0.56311035156,1.26135253906,0.019115018073708905,0.13808414292931911,0.5377954101528001,0.26196289062,1.05737304687,0.022858726583821078,0.15100191974727184,1.0443218017778,0.66449782744,1.54367493995,0.028629188510256483,0.16898998650506142,Null
-0.1873352050746,-0.53430175781,0.02978515625,0.013974120854325636,0.11806432802582591,0.9155065917932,0.76428222656,1.19665527343,0.007428596209521447,0.08608150044578476,0.33460083007509994,-0.42260742187,0.68371582031,0.0662247355931224,0.25701979253384283,1.0327223944438,0.86405173393,1.27616904719,0.006112635795658337,0.07808555696266238,Null
-0.5975817871058,-1.04907226562,-0.06970214843,0.10882106517330176,0.32946777158072454,0.6483874511682001,0.15905761718,1.06298828125,0.07207858684819388,0.26813875210620597,0.2955761718713,-0.07153320312,0.72290039062,0.03337800368902919,0.1824679661743579,1.0356310835005,0.86060894029,1.26568634567,0.006101025514292313,0.0780113642394913,Null
-0.9065257997544638,-1.03405761718,-0.59228515625,0.017658012100509518,0.13271765955446727,0.20704433983037404,-0.15466308593,0.70446777343,0.03394960106833908,0.1840242884011109,0.2680250058410224,0.01049804687,0.76953125,0.04201378024644924,0.20471689653551173,1.0145355733909478,0.91591812135,1.06843476665,0.0006007801688873416,0.02448023619120939,Null
-0.8335229492144001,-1.13952636718,-0.60925292968,0.03052928739921636,0.17450777684882218,0.29482788085570005,-0.05200195312,0.60241699218,0.03651461112888425,0.19084895755822728,0.47007202148079996,0.18371582031,0.77099609375,0.028667012269419888,0.16910158112432402,1.0441065673463001,0.83241149559,1.36824052857,0.007984763030384222,0.089245734479628,lift down
-0.2971450158765835,-1.54443359375,0.892578125,0.5942698086384943,0.7699271647635847,0.28003751607012467,-0.20275878906,0.85473632812,0.08275307845953347,0.2873094354182136,-0.15767253009990026,-1.0849609375,0.67211914062,0.24253659698172417,0.49186559908456406,1.0394343268588029,0.45257523498,1.81742275056,0.028490444535670064,0.16858053281905408,lift down
-0.9990453553577807,-1.16174316406,-0.8740234375,0.0030533305954683577,0.05518800870394393,0.10262886484783042,-0.16882324218,0.5986328125,0.01718331001580882,0.13092157526029555,0.17064851299157102,-0.01184082031,0.73303222656,0.02151047006612329,0.14648149369846336,1.0365324182200748,0.90849487376,1.24193226093,0.005001242021325042,0.07063122606952842,Null
-0.9736933910307233,-1.36401367187,-0.6806640625,0.029855213397698636,0.17257103318333505,0.2721032501718703,0.0751953125,0.56860351562,0.011403464304067943,0.10665377038447764,0.22040936476790524,0.07678222656,0.51013183593,0.00653778727132463,0.08075570297148421,1.040860003402344,0.72570102646,1.41571877886,0.03507447920828902,0.18704815336990444,stairs up
-0.9851092575148621,-1.42993164062,-0.72119140625,0.012281965292373275,0.11068506414359884,0.3731609908527067,-0.01013183593,0.96728515625,0.023893911122068734,0.15438272776784648,-0.0319992486085213,-0.60534667968,0.24682617187,0.01582311885289739,0.1256322486999912,1.071697964440827,0.88301388798,1.62789161788,0.01408076136029824,0.11851359091503255,Null
-0.3160251227392269,-1.16735839843,0.806640625,0.5210321779874956,0.7209249932363377,0.6263744325671072,0.17932128906,1.07434082031,0.054005190917405826,0.232100225400211,-0.17782113319865336,-0.60974121093,0.16650390625,0.025275157780827257,0.1587832719847145,1.0505988814725935,0.74365036,1.40446097167,0.018941878206413732,0.13745778116355475,Null
-0.8138433837860499,-1.51208496093,0.76037597656,0.14880191540225463,0.3852660257714778,0.31449523925445,-0.12951660156,0.69445800781,0.030028314906592673,0.17307005552470997,0.029209594724700024,-0.87744140625,0.3662109375,0.14615462199263093,0.3818235658490049,1.0351729222028,0.65278931209,1.52193681211,0.014727739927892442,0.12120610784144795,Null
-0.9475311279260501,-1.04077148437,-0.86059570312,0.0008601523039238648,0.02929166985960437,0.2284014892554,-0.16979980468,0.55773925781,0.02484582078059451,0.15742841620445472,0.2425512695273,0.12060546875,0.31408691406,0.0007895855616512126,0.028064418713864083,1.0173025515140501,0.98299768004,1.10152503551,0.00033928367454792534,0.018396615595308707,Null
-0.9850384521448501,-1.05615234375,-0.8466796875,0.0013790790265570787,0.037089504296912434,0.16695129394185002,-0.01147460937,0.34533691406,0.008584980868671025,0.09253928039756602,0.0970306396447,0.01977539062,0.14489746093,0.0006716440998757692,0.025883681917881773,1.0082660617262,0.86235829896,1.07818398798,0.0016010980321078086,0.039963674593654915,lift down
-0.9879934692347001,-1.20666503906,-0.86340332031,0.003995412493965603,0.06313021434092149,0.195465087887625,-0.13134765625,0.52490234375,0.014149399366704719,0.11880246575003381,0.17479492187142498,-0.00207519531,0.33850097656,0.005100571998721433,0.07132896023863398,1.031180813735975,0.9034499699,1.23014092695,0.0047562509538975626,0.0688793171170622,Null
-0.9251629638636001,-1.22143554687,-0.69641113281,0.014471454739488876,0.12014689385348318,0.16465942382510002,-0.13610839843,0.61328125,0.022526129861670675,0.14989934802065183,0.39626464843405,0.09118652343,0.71508789062,0.025443043177103802,0.1593092450837711,1.0438283793693,0.83239721926,1.3125803446,0.01280375718345672,0.11301215771100948,Null
-0.8431732177697,-1.2919921875,-0.54919433593,0.0269306835282691,0.1639004478927633,0.24111022948865002,-0.0078125,0.61511230468,0.018785889500887814,0.1368901924066717,0.49870605468379997,0.20556640625,0.85571289062,0.019895640082704363,0.1408754804162087,1.0244276864964,0.71235742355,1.42466880563,0.03386370388586766,0.18379076316875392,stairs up
-0.6124096679644001,-0.98815917968,-0.4404296875,0.006631956369300535,0.08133496467311757,0.73324462890275,0.29150390625,0.9365234375,0.009038455390736815,0.09495187861364288,0.33456604003514995,0.18054199218,0.57543945312,0.0049714916596814715,0.07042061438621697,1.0206979663545,0.84408875129,1.22018122388,0.003402187990090487,0.05825532181797008,Null
-0.61511291503505,-0.94323730468,-0.27197265625,0.012121823272786575,0.10996144194491361,0.7381097412075499,0.55834960937,1.02856445312,0.012049548771976032,0.10963313778254316,0.33792480468345,0.12243652343,0.55859375,0.010032975159811662,0.10003945582574975,1.0283461714014002,0.78121388351,1.33728292544,0.014021102789577222,0.11826263159850317,Null
-0.651164855953225,-0.87719726562,-0.42614746093,0.009666033782831717,0.09819301756425779,0.6831100463830251,0.44067382812,1.03698730468,0.017337771452224482,0.13150827739573628,0.398660583492175,0.16735839843,0.66455078125,0.012783434871224382,0.11292243481277899,1.032023848616375,0.74790480138,1.45223155806,0.024397265040443608,0.15600087140090757,stairs up
-0.667801513668675,-0.88500976562,-0.45935058593,0.011520839844529795,0.1072009223137491,0.6658154296838251,0.435546875,1.0498046875,0.018030183736466136,0.13410856899216012,0.38160522460547497,0.17272949218,0.57641601562,0.009177072871413158,0.09567721875783507,1.0228520350648251,0.73682216998,1.41983391385,0.027157590850112833,0.16458947983691896,stairs up
-0.6399105834925,-0.87097167968,-0.42810058593,0.00921464206487973,0.09587286091338638,0.7194580078092749,0.46801757812,1.01550292968,0.01686694583204947,0.129710363762767,0.31628570556235003,0.06115722656,0.56469726562,0.012401677796499302,0.11122352989366976,1.023809151538225,0.77452179013,1.40209121342,0.017387374603239757,0.13169626481693267,stairs up
-0.766701965328375,-1.32543945312,-0.07116699218,0.07496294739224144,0.2734511657019601,0.5694537353478499,0.00329589843,1.11462402343,0.07910417612326152,0.2809028580896844,0.268171081539225,0.03942871093,0.53332519531,0.009177961104403335,0.09568184886195671,1.056316396414375,0.69151626401,1.50340432052,0.03089651631794856,0.17555419398907476,stairs up
-0.9358062744104001,-1.27880859375,-0.57238769531,0.028553509389153412,0.16876648250076354,0.19055206298565,-0.17211914062,0.6181640625,0.020652847070069622,0.1435312333688889,0.35747314452742496,0.14514160156,0.59338378906,0.009667021194464581,0.09819803277804713,1.0323219432992499,0.64105545096,1.3997020119,0.03295049682704226,0.18129567172156827,stairs up
-0.938791809078325,-1.26989746093,-0.64501953125,0.01977269598999912,0.14043953948238408,0.24450927734019998,0.0283203125,0.61376953125,0.013297922623111717,0.11517238304625783,0.33236450194910006,0.08862304687,0.5625,0.01054881236156011,0.10257894681978466,1.03700106918525,0.73817880111,1.41291417341,0.01976959855688866,0.1404285389815633,stairs up
-0.9569256591761252,-1.21887207031,-0.54406738281,0.01009919159063075,0.10036903711630481,0.241087036128875,-0.00024414062,0.79211425781,0.03613155736325039,0.18984527507905552,0.258465270992375,-0.17016601562,0.72485351562,0.01758999710576712,0.1324613985771051,1.0474575428505,0.85219610772,1.32015593576,0.00714572692623617,0.0844266700096633,Null
-0.39001739501675003,-1.26184082031,0.35400390625,0.08542947119300118,0.29191762111085157,0.30070159911987493,-0.45324707031,1.29016113281,0.2264779133391095,0.47530171318412234,-0.19328582763644994,-1.2373046875,0.73913574218,0.4822677082461546,0.6935863601423684,1.021922972627925,0.61951359486,1.71390604697,0.02782709208556008,0.1666058953199021,Null
-0.4460427856407,-0.505859375,-0.37963867187,0.0005868029055443802,0.024193716090764546,0.607123413082375,0.55041503906,0.73010253906,0.0010379877301421976,0.032177519494467594,0.6753805541953,0.62097167968,0.71252441406,0.0004267059575790906,0.020631025003260087,1.0126591719319749,0.96526470345,1.0876408261,0.00026031847372284095,0.01611420731958398,Null
-0.4862347412071,-0.7255859375,-0.28442382812,0.007665088672388579,0.08744098553142919,0.5476434326132,0.23266601562,0.83972167968,0.017305391817471264,0.13138541904613155,0.7011395263632499,0.49938964843,0.91149902343,0.009085039443797334,0.09519625436532596,1.0249094439787252,0.74414088532,1.24593092712,0.011493935891031258,0.10707567908401833,Null
-0.57758605956665,-1.48986816406,0.23779296875,0.1404757341009236,0.374332131623337,0.45617767333555004,0.01721191406,1.14050292968,0.06807151283593643,0.2605788442177273,0.15823944091595,-0.95288085937,0.81469726562,0.32638420726679657,0.5705858802569773,1.040219846384675,0.77347403738,1.64201642024,0.01832605842004924,0.13520444990457645,Null
-0.9321859741170251,-1.02233886718,-0.84802246093,0.0004940768522642344,0.022200037390364323,0.32107910155874997,0.0751953125,0.42053222656,0.004637345956939046,0.06801288548537475,0.23520782470317503,0.1357421875,0.35144042968,0.0015212234098823066,0.038954080034799964,1.016658409185725,0.92978989814,1.08857761518,0.00042796414672895936,0.02066141903069915,Null
0.05199493408044997,-2.02844238281,1.08666992187,0.6225617785483913,0.7880389419959019,0.20230163574195,-0.31188964843,0.79162597656,0.104666729392101,0.3231177224613666,-0.347226867673975,-0.86169433593,0.61694335937,0.2246416894492743,0.4733709805487142,1.037810563560575,0.22626877522,2.07069117843,0.036727497431205354,0.1914044897269323,Null
-0.7503167724571,-1.01306152343,-0.59875488281,0.004623329220765792,0.06791002059868542,-0.08357818603335002,-0.30981445312,0.22326660156,0.019267289937284535,0.13863304697092005,0.66554901122665,0.51220703125,0.81408691406,0.004016384310508049,0.06329568192011031,1.019442007917925,0.92491440892,1.17570269122,0.0014950245718346631,0.03861718542831775,Null
-0.8809655761679249,-1.37048339843,-0.51440429687,0.029114513515457133,0.17041633499071762,-0.1829022216774,-0.71044921875,0.24963378906,0.0500167424176604,0.22336450157000384,-0.435755310054975,-0.77758789062,-0.18481445312,0.014059624680074635,0.11842497886161707,1.0316374403475748,0.62770502512,1.5603941937,0.028188826480869452,0.16768528383453116,stairs down
-0.9449627685512502,-1.44580078125,-0.53552246093,0.03778090664895093,0.19412999351550125,0.22691467284865,-0.12878417968,0.62097167968,0.024922254640326474,0.15767038087011034,-0.08419982910115,-0.84057617187,0.53820800781,0.10407064230903341,0.322196315471268,1.043000572369875,0.72880880679,1.56797872368,0.028554078185709982,0.1687681634380303,stairs down
-1.04355682372705,-1.40283203125,-0.68872070312,0.023981445702035736,0.15466574309710812,0.11867645263452499,-0.2763671875,0.38818359375,0.016685059770676944,0.1290090970484262,0.23699890136327503,-0.0263671875,0.54162597656,0.009032459933910783,0.09492038128914151,1.08799265025125,0.72948843918,1.4595989327,0.025173067666031067,0.15846177771584538,stairs down
-0.9312646484337,-1.61376953125,-0.55529785156,0.0356016385166607,0.1884479621019263,0.1079162597635,-0.15783691406,0.50402832031,0.019896885318714565,0.14087988893173425,0.4258654785116,0.1318359375,0.78857421875,0.028223160423140485,0.1677873729518483,1.0521837367745999,0.64005097979,1.68516483596,0.036774871626887806,0.19152789469897222,stairs down
-0.9527380371059,-1.08410644531,-0.78784179687,0.00291288079922082,0.05390360467744961,0.0678137207015,-0.44287109375,0.33911132812,0.019886829336997276,0.14084428374504512,0.3718212890588001,0.06713867187,0.81750488281,0.017209451276289082,0.13102071457635375,1.0426863099424,0.90942921886,1.20004609858,0.0032821419840724205,0.05721832424243338,Null
-1.1016662597618,-2.42749023437,-0.25207519531,0.15591392701582585,0.39436549316374814,0.0459558105464,-0.61022949218,0.81994628906,0.05286380415605285,0.2296337184423549,0.4064086914027,-0.20104980468,1.01708984375,0.04318683532817996,0.20755449462697625,1.2071912081797,0.40748957275,2.60954985632,0.17541107854354968,0.4182972039676942,Null
-0.9901635742147,-1.57397460937,-0.4775390625,0.0677766845279837,0.26001392812052154,0.22204101562159997,-0.12390136718,0.63305664062,0.0287863440140809,0.16945317392732925,0.2814343261686,-0.04174804687,0.70239257812,0.017605370296329203,0.1325192698085391,1.0734439972096999,0.55547301321,1.62826928599,0.07070913179268218,0.26557928940939746,stairs up
-0.9784301757775,-1.30114746093,-0.66125488281,0.031172577749071194,0.17633674122172757,0.1590917968717,-0.00708007812,0.38342285156,0.007147607074359361,0.08443777624187804,0.274233398433,0.05847167968,0.48132324218,0.008261032116480268,0.09077653626454947,1.0349556411844,0.71012550136,1.34630181071,0.03325448641424659,0.1821300365074662,stairs up
-0.7307519531211001,-1.38122558593,0.15551757812,0.17751016320395824,0.42079257098474104,-0.042806396485500005,-0.75610351562,0.47692871093,0.11860783776775476,0.3439641233811099,0.5242858886678999,0.00549316406,1.00634765625,0.06720379551422925,0.2589126996217908,1.0693151180523,0.7169483243,1.61106247995,0.029759566845106722,0.17229384181680424,stairs up
-0.9762939453088001,-1.3701171875,-0.63647460937,0.032212663413945165,0.17925437722803397,0.16845458984030004,-0.08020019531,0.50244140625,0.011101349845938007,0.10523115732197931,0.2927893066374,0.04992675781,0.53466796875,0.007939732897840543,0.08899372767558364,1.0420965212035,0.68319578303,1.43004524987,0.03249408205933575,0.1800356821693617,stairs up
-0.9792504882773001,-1.322265625,-0.68518066406,0.02570007856627498,0.16011192450863643,0.1257580566376,-0.13366699218,0.34509277343,0.007695537549873679,0.08761448913278554,0.28100585937140005,0.12353515625,0.48693847656,0.005989876904876491,0.07729749163209826,1.0323583376651002,0.71836065029,1.38905014916,0.027302448666339484,0.16502785384496046,stairs up
-1.054749450679675,-1.58374023437,-0.7294921875,0.019025661442512908,0.13776101512730887,0.15572479247835,-0.138671875,0.5029296875,0.020554607837090264,0.14318945951953843,0.28028106689112503,-0.09606933593,0.69189453125,0.02766430301149557,0.1661178565174943,1.1236610125211248,0.76274830613,1.61833176235,0.019816021011905074,0.14059331761991858,stairs up
-0.9990185546838001,-1.322265625,-0.67687988281,0.02104054893170579,0.1448721766226232,0.18631103515310002,-0.2236328125,0.541015625,0.018745204147237484,0.136741877772939,0.33931762694940004,-0.09521484375,0.70166015625,0.022289740021737385,0.14911074968520224,1.0908242562977,0.77142269032,1.38087600417,0.01995897004749939,0.14109951318973654,stairs up
-0.773670349117575,-1.29296875,0.72839355468,0.16977412067023503,0.41152118459267617,0.22956024169642497,-0.19897460937,1.36987304687,0.070376956248464,0.26495473926284624,0.391466674801425,-0.57067871093,0.84057617187,0.06981019894429326,0.2638857204301372,1.0338277752557499,0.4157459119,1.58826079048,0.04500889718025917,0.2118876469672277,stairs up
-0.9035815429653,-1.28210449218,0.02868652343,0.044952135342782105,0.21175399643082335,0.2372045898409,-0.09118652343,1.20361328125,0.06429012149756379,0.25323782536149664,0.3887463378868,0.0361328125,0.703125,0.01811535791499569,0.13442495869520732,1.0596629267016,0.68333401786,1.41657794179,0.02807322299992755,0.16734108862568012,stairs up
-1.0317395019494,-1.35778808593,-0.77075195312,0.018266577542884806,0.13498485507281027,0.143255920406975,-0.03637695312,0.37084960937,0.010097785734607184,0.10036205094691251,0.25692840575795,-0.01232910156,0.43615722656,0.009829431080407803,0.09901948042030306,1.08266737124095,0.83591722303,1.41647698088,0.01582769221430919,0.12565079778407065,stairs up
-0.9886767578087,-1.4140625,-0.63488769531,0.03273196421161455,0.18069348162312196,0.16480346679359997,-0.20251464843,0.4990234375,0.013681848621010559,0.11682313126884604,0.28936523437159994,0.02685546875,0.70141601562,0.01387865934145779,0.11766037010439899,1.0556290083935,0.69187155115,1.49806502827,0.034248912876070466,0.18483314257426964,stairs up
-0.7929553222619,-1.18286132812,-0.36987304687,0.028249321320125656,0.1678651185232517,0.53816131591395,-0.00012207031,0.88598632812,0.04018115558400427,0.20020165507568677,0.26738464355110003,-0.10974121093,0.97204589843,0.03435088022268411,0.1851080847022285,1.0295894130582501,0.689817489,1.45935400145,0.032033710308466995,0.1787557720262365,stairs up
-0.781050415034625,-0.96716308593,-0.39868164062,0.01665652196757946,0.1288987225020501,0.6336193847614251,0.47351074218,1.02026367187,0.01434759848535645,0.1196316408361227,0.003401794433875005,-0.38952636718,0.28637695312,0.015332533077702461,0.12366972849088093,1.0262352844459,0.7777839641,1.23537456506,0.004598296376476216,0.06772592292124949,Null
-0.8907745361288499,-1.56628417968,-0.29272460937,0.05279053451679924,0.2294745262126218,0.355874328609225,-0.03503417968,1.15161132812,0.0550847170568223,0.23440777560520523,-0.011371459962775008,-0.88818359375,0.27941894531,0.05765730704127246,0.23981902296037585,1.0333254311198,0.55638182128,1.68296057263,0.017656544061038944,0.13271172781968574,Null
-0.91423767089495,-1.29223632812,0.77575683593,0.10343955140815582,0.3212179206234226,0.290389099117775,-0.03662109375,1.19934082031,0.041750842540996716,0.20407465652217627,0.059348144528599996,-0.58239746093,0.45068359375,0.029934162148657836,0.1727985148758119,1.0314706348031748,0.44560434582,1.70069840123,0.03451992408534585,0.18556299274136662,Null
-0.628262939451275,-1.68969726562,0.79772949218,0.33992346735554685,0.5823003165782739,0.336401977535025,-0.01965332031,0.92370605468,0.046932523740220514,0.21636818719689355,-0.05054901123214997,-0.9521484375,0.62768554687,0.18811884422040326,0.43318419536018654,1.028103053585875,0.5959955967,1.7841441,0.027044935890678343,0.16424775052021762,Null
-0.24268157958792502,-0.78723144531,0.86706542968,0.14266630125931778,0.3772394935663146,0.8468972778289751,0.10314941406,1.49829101562,0.04984025930071403,0.22297008465814924,-0.04146575927897499,-0.76025390625,0.50341796875,0.0938955263795556,0.30604049987478243,1.0227101398115999,0.64410433646,1.64212511145,0.017642916398427584,0.13266050319304354,Null
0.098389892576475,-0.69873046875,0.53698730468,0.055690525764105395,0.2356932316586438,0.64701324462455,0.23706054687,1.09716796875,0.05161532359228031,0.22690589521495383,0.62239105224335,-0.14978027343,1.04455566406,0.11969289316096088,0.3455338781191484,1.01704734835355,0.85153263809,1.29450888974,0.007742625025326599,0.08788212823301039,Null
0.386799926754625,-0.13549804687,0.65234375,0.044001393714832235,0.20950272129627615,0.41273590087617507,-0.10693359375,0.95483398437,0.13548788853876897,0.36762639842293976,0.5453662109346251,-0.48620605468,1.21118164062,0.2645358872032633,0.5136872078271515,1.0264257533538501,0.84060652935,1.21221959937,0.006771619673625175,0.08218692489953078,lift up
0.411251525875175,0.37255859375,0.47448730468,0.00044210000060924894,0.020999875014097724,0.010338745117025004,-0.07116699218,0.19494628906,0.0024521629756312172,0.04945738133172984,0.9049337768515001,0.81103515625,0.9521484375,0.0005700005653288586,0.023844822580919668,0.9954562626794751,0.9398513394,1.07137158475,0.0006639394955170363,0.02573479447709353,lift up
0.2650347900359,-0.11083984375,0.54907226562,0.0177615156859702,0.1331056418667341,0.1728063964818,-0.10900878906,0.53686523437,0.021604774635897408,0.14680178030019822,0.9325576782189501,0.69494628906,1.21435546875,0.009131703906318279,0.09544042459331624,1.006746220374825,0.80788993611,1.21453689183,0.004619659953326043,0.0678830671334371,Null
0.24117065429282497,0.05114746093,0.44665527343,0.0070867743273411365,0.0840776866446906,0.49276672362912505,-0.07141113281,0.8037109375,0.024853223621364964,0.15745186744625023,0.8467715454059501,0.57116699218,1.16394042968,0.013954801610905137,0.11798268774221866,1.0284260356125001,0.89199056005,1.19277838191,0.006139679554042963,0.07825810089158729,Null
0.31368041991785,0.12646484375,0.51782226562,0.007463689527208264,0.08628458902602622,0.37504516601192506,0.10510253906,0.70263671875,0.015112395619657812,0.12277872222257677,0.8808029174768001,0.5126953125,1.34387207031,0.04209445097364097,0.20491270054881144,1.015852719373475,0.61191505069,1.41896155834,0.04753902170227695,0.21776173710737443,stairs down
0.21474273681280004,-0.0166015625,0.40185546875,0.010089674954208644,0.10032173626300096,0.40874938964477503,0.16198730468,0.71801757812,0.01905958431972197,0.13788377482112485,0.8899404907189,0.65502929687,1.27233886718,0.013425493052596313,0.11572350374908644,1.017844669120375,0.73842567968,1.33964814073,0.01167431434639904,0.10791259685751725,stairs down
0.249094543453175,0.07275390625,0.45629882812,0.008208047375527149,0.09048495597108025,0.3259509277306,0.16442871093,0.68981933593,0.011935651659326212,0.1091137595822722,0.9071807861285501,0.57678222656,1.25231933593,0.027182671126968302,0.16466546222311126,1.007937087437125,0.67355064539,1.41652057983,0.023295877727867974,0.15243896494514877,stairs down
0.17634735107155003,-0.14099121093,0.33715820312,0.00557748328902812,0.07458913849083892,0.28391632079694995,0.06518554687,0.55139160156,0.009821369275936444,0.09897886568731025,0.9485052490197999,0.62121582031,1.37829589843,0.0329091200249639,0.18118180710242815,1.012827414316825,0.67111328105,1.45166830143,0.0338214579747713,0.18367608535090887,stairs down
-0.254301452634,-0.71850585937,0.60217285156,0.07986102943694419,0.2822434708958771,0.355364990231125,-0.11071777343,1.12329101562,0.10358674876460489,0.32144639038678496,0.7938980102498499,0.12658691406,1.19201660156,0.06406345892268833,0.2527910209548227,1.0216836605016502,0.68760080032,1.38478678591,0.023031337933630325,0.15157097211800236,stairs down
-0.6230911254847,-1.02111816406,-0.38806152343,0.02359696798597688,0.15342090980701403,0.649848937984625,0.37292480468,0.91796875,0.021291941271393847,0.14573507271146285,0.4573248290975751,0.25231933593,0.67163085937,0.012055779324703995,0.10966147854370849,1.013298002469725,0.63206694682,1.47371134412,0.049846292953023716,0.22298358060772358,stairs down
-0.647793273921875,-1.03039550781,-0.35217285156,0.025112204092946445,0.15827009693152425,0.6792507934529,0.43054199218,0.93225097656,0.017881479612750856,0.13355439309030226,0.42074645995735005,0.1748046875,0.78283691406,0.012152605038444111,0.11010096968622939,1.0335602936119,0.63928135246,1.47472405903,0.04453080385196021,0.21075928649132003,stairs down
-0.6345672607384,-0.83703613281,-0.4384765625,0.008342372659708459,0.0912223477447231,0.6876000976522499,0.50891113281,0.9794921875,0.012613688011277734,0.1121702001034568,0.41490722655854995,0.33215332031,0.56921386718,0.0033025307404154695,0.05739576999713856,1.0304916501346,0.8454182081,1.2187585219,0.009927231359551283,0.09951087016578844,stairs down
-0.5836291503867999,-0.97082519531,-0.14379882812,0.029823772021538526,0.1724796005082476,0.6655969238241499,0.44152832031,0.98693847656,0.01862587613725741,0.13630594795134315,0.44825500487884995,0.23034667968,0.79162597656,0.016610049723168933,0.12871878106500625,1.00684987470205,0.68908190797,1.43963469727,0.035814714823764145,0.18901105268397594,stairs down
-0.28990966796525003,-0.7783203125,-0.03625488281,0.01745590494996888,0.13195554246636992,0.7857653808555,0.47680664062,1.10534667968,0.026040854159617818,0.16116994764601364,0.6192004394493,0.38952636718,0.93676757812,0.019229653483760097,0.13849757885988728,1.0501755034537,0.66543371335,1.44201154327,0.044696784015417636,0.21115170388935792,stairs down
-0.4431390380820501,-0.61206054687,-0.28552246093,0.004223648721655475,0.0649083168773566,0.7630603027305,0.62133789062,1.02844238281,0.006617993189511415,0.08124929665257194,0.5146453857385499,0.36279296875,0.66821289062,0.0036600220827249447,0.06042244638806122,1.0261557851668501,0.86316539453,1.23955514285,0.004975258289091363,0.07044728627398386,Null
-0.24112060546480002,-0.50280761718,0.02954101562,0.013564544249727474,0.11632124865691203,0.7423083496057,0.56213378906,0.9248046875,0.006093025654186757,0.07796020196261225,0.64860412597235,0.48034667968,0.8818359375,0.00800960317556723,0.08938444589316595,1.0260831094092,0.87522679182,1.18910014109,0.004611130062486466,0.06782036742255419,Null
0.304069824216375,-0.21081542968,0.54956054687,0.05039093908686933,0.22419848737034814,0.68734161376565,0.47534179687,0.88842773437,0.006727572282115514,0.08191918793182844,0.644698791499875,0.48767089843,0.95532226562,0.012142062915412989,0.11005320421561772,1.0233585376518999,0.90424089691,1.16418940857,0.002364120342082635,0.04856140485228397,Null
0.5005566406212,0.33752441406,0.58862304687,0.0015116233335973576,0.03883097056813497,0.74158569335555,0.59460449218,0.83215332031,0.0018772462720030368,0.04327300724843409,0.4870251464809,0.41687011718,0.55871582031,0.0007355148317162386,0.027086455003136677,1.02026780140965,0.95086211344,1.06750190258,0.0008696453628909085,0.029452864877354143,lift up
0.4416125488243,0.23083496093,0.5302734375,0.005386583845397081,0.07330155104623358,0.6872296142544001,0.52978515625,0.78149414062,0.003921870432076113,0.06254650874346163,0.5992120361288,0.46960449218,0.74194335937,0.007877783368631944,0.08864586234117396,1.0205934375632,0.9305435615,1.16004217595,0.0018983032459855157,0.0435150260010327,Null
0.24868835449004997,-0.1689453125,0.52282714843,0.04679687817736026,0.21605528454985048,0.5234118652317999,-0.14233398437,1.00695800781,0.11439860906537144,0.3378055839424624,0.07256347656155,-1.01696777343,0.77160644531,0.5241670250907007,0.7230882432511083,1.0087471376285,0.66406883909,1.2124038432,0.007167573769752432,0.08455563160031418,Null
0.36325256347325,0.234375,0.49255371093,0.002924444827423408,0.05401049634427413,0.7925927734338998,0.65185546875,0.9140625,0.002949711577329692,0.05424331570236436,0.53082031249615,0.41467285156,0.67810058593,0.0035634884798358807,0.05962029653260952,1.024293928141,0.87739733551,1.18198787536,0.0021673514541504612,0.04649659208495914,Null
0.40404907226245,0.17333984375,0.57336425781,0.009484688278130416,0.09726755141070989,0.77620300292545,0.71997070312,0.88305664062,0.002052425381734374,0.04524703656903994,0.5249603271447,0.43090820312,0.64587402343,0.001730741554906707,0.04155014682307922,1.0265806139560498,0.9545509506,1.11063952976,0.0006987751900813552,0.02640129262188031,Null
0.42582397460559995,0.41369628906,0.443359375,3.983304464624528e-05,0.006303448424047719,0.685242919918275,0.65856933593,0.70861816406,0.0001119738219754912,0.010568532888748206,0.604489746089725,0.57409667968,0.62622070312,0.00016334629894631158,0.012764714379842026,1.0081612460809248,0.97426318516,1.03078540538,0.00021575800347214085,0.014670330891410066,lift down
0.430104980465275,0.4150390625,0.45825195312,0.00011071792222793392,0.010509097364777056,0.6975201415981249,0.67492675781,0.73754882812,0.00029941628115948767,0.017282006262485525,0.6264459228476,0.60546875,0.65966796875,0.0001877722730461103,0.013685862865142812,1.031508017216625,1.00160104763,1.08025029691,0.0005481288621417088,0.02338286851492679,lift down
0.3534167480429,0.06091308593,0.49035644531,0.012392466661364105,0.11118221752920157,0.61650329589435,0.32067871093,0.72778320312,0.009072583181478078,0.09513097142111175,0.70216247558245,0.61071777343,0.96203613281,0.01290634023179421,0.113463978342092,1.01534155188295,0.90779756083,1.13720897708,0.0013823041437625709,0.037132847768561524,Null
0.230812072749975,0.02514648437,0.47680664062,0.0053327066011802145,0.072934044414644,0.27111511230077495,-0.03759765625,0.67578125,0.012968123248463,0.11373523174611218,0.9276132202107751,0.64111328125,1.19641113281,0.008323536442691534,0.09111930422026282,1.00508139136105,0.81348309279,1.22400828793,0.004174324486022305,0.06452820061653082,Null
0.18155129033192982,-0.02941894531,0.45935058593,0.011699808838337437,0.10803002364698747,0.1873984277064912,-0.06225585937,0.41931152343,0.00984485468920044,0.09909682572072755,0.9613676525260402,0.5947265625,1.37744140625,0.03294008571615786,0.18126645886747209,1.0071423864979698,0.68559712717,1.45124761761,0.03240041841399496,0.17977545538203912,stairs up
0.27029907226232497,-0.05920410156,0.46801757812,0.014801134679162501,0.12150774396088751,0.2016076660126,-0.12426757812,0.50378417968,0.018740038601059418,0.13672303574949163,0.9317218017539249,0.58752441406,1.34191894531,0.04017325268916318,0.20018196611443367,1.0073755707158751,0.67061290189,1.41242547935,0.0406389521339816,0.20133890521617187,stairs up
-0.061607455969600995,-0.61303710937,0.31335449218,0.06830201454386708,0.2610204691792211,0.42432858283658353,0.12548828125,0.95129394531,0.044937186390661236,0.2117194454501215,0.8517098367325188,0.46960449218,1.13293457031,0.023840214156453324,0.15421012369759082,1.0158055213233914,0.7532310328,1.36333846925,0.014171926304821843,0.11889737105047804,stairs up
-0.152820099562406,-0.51794433593,0.14477539062,0.025427358353034755,0.1592596327945793,0.7210099834515539,0.39526367187,1.19323730468,0.03543777328329551,0.18801318254021787,0.6726826832670426,0.32641601562,1.18444824218,0.03355833994114145,0.1829596508140545,1.023298924656341,0.65507376936,1.42177410606,0.04286493441849977,0.20677887586784632,stairs up
-0.011326359394613466,-0.22045898437,0.13513183593,0.007490024176972834,0.08643694703332441,0.5613094339306485,0.23876953125,0.88525390625,0.021079294106355912,0.145005956043659,0.8357682453985287,0.49291992187,1.23059082031,0.02893492896425508,0.16989047069853463,1.0169601566444888,0.64991772846,1.41562428295,0.0369501570176096,0.19198440558451746,stairs up
-0.031463546561453636,-0.32873535156,0.17065429687,0.01515657259725341,0.12295766019149258,0.266969609077619,-0.01708984375,0.57678222656,0.017433075446112722,0.13186881180818083,0.9580124016058648,0.54577636718,1.36401367187,0.024587309032288975,0.15660679009508893,1.0109200366309525,0.60463350582,1.41578547218,0.02518795223276586,0.15850812134693404,stairs up
0.10073638915692501,-0.03576660156,0.24462890625,0.0033171076589114056,0.05752229906535488,0.24900054931262502,0.06994628906,0.60363769531,0.012372200311933148,0.1110912679338629,0.96329162597265,0.73962402343,1.18798828125,0.009930456473083212,0.09952703317139773,1.00818045337605,0.86136192895,1.22888144184,0.009230815830261656,0.09595696322146717,stairs up
0.0786902981778803,-0.1025390625,0.23559570312,0.006778839579523064,0.08223098407939916,0.25973640118069824,0.03283691406,0.70397949218,0.017842042782040872,0.13340745447600166,0.9640970206279302,0.57482910156,1.3935546875,0.032679658513287524,0.18054961397223676,1.013770713257232,0.64463655016,1.40775839122,0.03264622604499524,0.18045723595902247,stairs up
0.1040944646747118,-0.11022949218,0.28344726562,0.009394459254264877,0.09680348260058912,0.2658250851702506,-0.001953125,0.61450195312,0.015202011595908718,0.12314183414347751,0.9576761728502757,0.6259765625,1.36633300781,0.034562864907030214,0.18567778861635204,1.0113827131125313,0.70504265059,1.40759622455,0.03484569245189623,0.18643594044432568,stairs up
0.08465073887334164,-0.18469238281,0.27514648437,0.012056356204841303,0.10966444491559099,0.22049460089605988,-0.00427246093,0.427734375,0.009301399993286406,0.09632343682656472,0.9674760242910225,0.71057128906,1.3681640625,0.016067599752203853,0.12659988516934612,1.0065912911303243,0.72207789604,1.3728179578,0.01593922138302511,0.12609311123638725,stairs up
0.1717016601525,-0.02319335937,0.33984375,0.006426862959277261,0.08006744533128972,0.2561291503868,0.09143066406,0.61755371093,0.00937746171518338,0.09671617269565323,0.9591345214803999,0.63696289062,1.29614257812,0.020936275740071494,0.144512750478016,1.0153262229973001,0.70808447061,1.35117893619,0.020836132211371858,0.14416671557902477,stairs up
0.12575139019092732,-0.04663085937,0.279296875,0.006239226503970226,0.07888972901976787,0.31927566719115286,0.09497070312,0.61389160156,0.01438868711251138,0.1198024425462559,0.9347297075660151,0.53112792968,1.41088867187,0.04436553897495354,0.21036717222026027,1.0053993826527567,0.6627904714,1.43011382266,0.045586885943062434,0.21324313141596693,stairs up
0.14106944552314216,-0.07995605468,0.37829589843,0.008295497606778397,0.09096598584266308,0.33209852565418957,0.08764648437,0.59216308593,0.013747673749960004,0.11710418555403695,0.93416696296,0.55981445312,1.36828613281,0.033900292623162874,0.18389060128256343,1.012376710751596,0.64650949849,1.39331135433,0.03383967172079369,0.1837261100443093,stairs up
0.18085343974817042,0.02893066406,0.32336425781,0.0047671422248987,0.06895791832722524,0.2965595752034336,0.07348632812,0.515625,0.009760476796170339,0.09867124428277096,0.9482412696742857,0.75866699218,1.22326660156,0.01198456803228357,0.10933678027509527,1.0173744882222056,0.86608600253,1.26148864844,0.011396120890002966,0.1066187562463178,stairs up
0.14616260861174563,-0.06689453125,0.35339355468,0.00872490148376075,0.09329064060611333,0.4279148929395012,0.16577148437,0.73498535156,0.017894424798834185,0.13360314479116486,0.8982773778406234,0.56359863281,1.37377929687,0.028970835433641914,0.16999584983533808,1.0185520707859599,0.71062404932,1.46056009201,0.029442662658744824,0.17137455925499914,stairs up
0.16072040452358397,-0.03955078125,0.35900878906,0.008037611686803328,0.08954031101470912,0.44006194685586464,0.16711425781,0.73352050781,0.01797154122475323,0.13388987925922402,0.8793119272751628,0.5283203125,1.40905761718,0.03842971287822379,0.19578916672878902,1.0068403471437095,0.6529302302,1.47360932752,0.042464904142439655,0.20581174847723246,stairs up
0.277587585445025,0.0654296875,0.3857421875,0.007206336709375333,0.08478396586384652,0.828558044430375,0.45141601562,1.00793457031,0.004212623815816279,0.06482354708188019,0.5169088745075751,0.39343261718,0.75439453125,0.0036869991646665333,0.060644716725819295,1.0216073245585249,0.87058935401,1.16008705677,0.001433054255859285,0.037808353841705895,Null
0.3064550781217,0.0703125,0.75634765625,0.009629453178602747,0.09800703824550684,0.5591064453087999,0.27758789062,0.77587890625,0.010120868384134105,0.10047669487584557,0.7896582031211,0.63732910156,1.0029296875,0.006552442356997575,0.08084591054039209,1.0252828757804,0.8578509428,1.40042356827,0.005119640594559223,0.07146216826456377,Null
0.29784729003520005,0.1669921875,0.42517089843,0.004543616938651694,0.06732204613872832,0.5409347534141999,0.38110351562,0.68127441406,0.004569194947218729,0.06751127283536196,0.7953091430629,0.69580078125,0.90942382812,0.00260347834123281,0.050960471400682,1.012473087684675,0.97513051901,1.07279033364,0.00042636079138388884,0.020622679006507112,Null
0.2815722656213,0.21899414062,0.33422851562,0.000718992013358229,0.026780487921709596,0.5021130371056001,0.46630859375,0.54272460937,0.0002876477417789572,0.01693896757256799,0.8329370117153999,0.79272460937,0.87109375,0.0003927346100474745,0.01979274547712762,1.013154368955,0.97827224598,1.03339050411,9.885602230613451e-05,0.009930200514106912,Null
0.10621639261047382,-0.2470703125,0.34948730468,0.036091633056750116,0.18974095231206517,0.5080164578762593,-0.17834472656,1.16613769531,0.1778166407529202,0.42115698704115817,0.11506359832770571,-0.99523925781,0.87634277343,0.5252503006167649,0.723837308718632,1.0082720188323193,0.70386259809,1.17252059319,0.00331336018783083,0.05748997690224166,Null
0.2225558471639,0.11950683593,0.35290527343,0.0023624593152689927,0.04854434227570521,0.8865396118129251,0.79919433593,0.93884277343,0.0008604665290194267,0.02929701968966943,0.458937377925975,0.40515136718,0.56225585937,0.0011522979332003163,0.03390305573790238,1.024809877066575,0.99012980012,1.10353008024,0.00023669861056560497,0.015365769230311606,Null
0.24050023740611526,0.12744140625,0.39624023437,0.005286117533255536,0.07261452415588235,0.8222573645986215,0.67028808593,0.94702148437,0.0036334984406087376,0.06020292292095343,0.545922606806416,0.46911621093,0.66076660156,0.00221476854985503,0.047002316448069514,1.0210551203201252,0.94578519147,1.09866800887,0.0005332870788944571,0.023064052545020867,Null
0.3291971487261347,0.13525390625,0.50549316406,0.005518250395579258,0.0741922446934155,0.7357524767147133,0.54602050781,0.86254882812,0.004573233857444852,0.06754131538720776,0.6182468633066085,0.44799804687,0.78845214843,0.005569126140374874,0.07453346929575813,1.0225767810057356,0.92507180663,1.16875787696,0.0018946620046857887,0.043473407524385936,Null
0.35297668456652503,0.1494140625,0.45727539062,0.0023351805815799275,0.04826326377407539,0.7148614501911001,0.60754394531,0.80090332031,0.0015115994703908883,0.0388306640648201,0.6253851318325249,0.517578125,0.74230957031,0.002026705753439951,0.04496263992534636,1.0159844053983,0.91876444318,1.06674798792,0.00036138948919947915,0.018986469273576917,Null
0.32392913817994995,0.30590820312,0.33862304687,6.103102939413111e-05,0.007802464470963375,0.675264892574775,0.62744140625,0.70532226562,0.00030472205547016687,0.017434455836976715,0.6988973998983501,0.64575195312,0.73559570312,0.00033112407989587905,0.01817405485014666,1.0244145844094752,0.95429188012,1.07272092953,0.0006418361037970235,0.02530279655566813,lift down
0.2617398071253,0.05346679687,0.37585449218,0.00580993926234385,0.07612761925995053,0.63962097167595,0.51684570312,0.76428222656,0.002886843104313854,0.05366214677547917,0.738042297359575,0.67211914062,0.86877441406,0.0025211203769305445,0.050147956847594675,1.015814103780825,0.93801227719,1.1659548119,0.001644823340121048,0.04050569443634741,Null
0.22892089843392496,-0.02404785156,0.345703125,0.005125416364845771,0.0715024672576664,0.66597686767225,0.5458984375,0.80090332031,0.002403110440463096,0.04896021511760276,0.725369567867775,0.63391113281,0.89111328125,0.0022921096971558544,0.0478161000387209,1.0147110991815251,0.89558103339,1.19499245267,0.0022540813160893533,0.04741778266430359,Null
0.17174072265277499,0.01794433593,0.4453125,0.005304351337069141,0.07273988217426852,0.679863586421925,0.42663574218,1.02270507812,0.017316198912052428,0.13142643727489647,0.727641906734725,0.42797851562,1.080078125,0.02363512200364083,0.15354489310501906,1.014796334211075,0.63924592144,1.44396504662,0.03761113106933331,0.19369332265635794,stairs down
0.204029846188175,-0.04565429687,0.5224609375,0.010330667133274393,0.10151276011143233,0.6727847290001501,0.34875488281,1.04089355468,0.010079080191280947,0.10026905051312067,0.7268295288048751,0.38000488281,1.21325683593,0.011855985098514831,0.10874900061963119,1.0190658862818,0.62805004953,1.6186343461,0.016425545129056515,0.12800187993242082,Null
0.24563537597265,0.052734375,0.41198730468,0.006175533795626759,0.07848627243752689,0.67426330566045,0.44750976562,0.95385742187,0.01018714091800751,0.10080512420364597,0.7145703124960501,0.5126953125,0.93249511718,0.010395483002636095,0.10183071390857232,1.02136880157295,0.8393530632,1.23442227236,0.00909825392204642,0.09526546219507522,Null
0.20251892089475,-0.01062011718,0.40600585937,0.005768484396673182,0.0758555415621133,0.7266119384728501,0.4091796875,1.11437988281,0.024482703761280415,0.15627378859513585,0.6735565185507499,0.38940429687,1.1689453125,0.0276817972853644,0.16617037278694113,1.01517387745335,0.59907530319,1.58835381559,0.04999233849910612,0.2233100034769118,stairs down
0.198498535152625,-0.01062011718,0.3896484375,0.008065001782349356,0.08969302803391957,0.7308096313436749,0.46069335937,1.0419921875,0.01395681178430118,0.11799118507261645,0.681856079097075,0.41467285156,1.13464355468,0.019759026084197925,0.1403909844647705,1.026255633448975,0.68434195852,1.37865798055,0.02695524881495752,0.16397518316172152,stairs down
0.2469030761683,0.04895019531,0.42346191406,0.007231163098632861,0.0849298839684023,0.7255926513633,0.41149902343,1.11291503906,0.013757037518529575,0.11714369349108492,0.667993164059,0.33422851562,1.05102539062,0.01648307847495109,0.12822585846374246,1.0215415356992,0.55052142406,1.44582179607,0.027560083911707684,0.16580465524806115,stairs down
0.243923339840125,0.08642578125,0.41247558593,0.0045466472570866645,0.06734449226881102,0.6749725341754251,0.42102050781,1.06518554687,0.02431092890243866,0.15572460171784855,0.7046530151324751,0.439453125,1.0849609375,0.029438920557354083,0.17136313272101644,1.00880046078615,0.64437153311,1.47649301637,0.052225338487979694,0.22824279866352792,stairs down
0.24718688964424998,0.05432128906,0.47021484375,0.008109587072101528,0.08994060876167825,0.6666900634724502,0.52551269531,0.84838867187,0.0039020667604137845,0.06238839309929973,0.7191076660112501,0.59094238281,0.88110351562,0.003689596902407114,0.06066607709545011,1.0171718767499498,0.88862828577,1.20091042503,0.003725519018871136,0.06096068586658091,Null
0.24184204101195,0.02905273437,0.41052246093,0.00561092478140509,0.07481241520931922,0.7043579101523499,0.58923339843,0.80541992187,0.0016681212829366605,0.04079155525019019,0.6810662841763999,0.59912109375,0.88525390625,0.0015834105041008565,0.03974231973401407,1.0129174870979,0.91867163512,1.18015889355,0.0013006381922470813,0.03601925314004253,Null
0.2668341064412,0.12280273437,0.41052246093,0.004843401669468354,0.0695075043811435,0.7007623290977,0.55603027343,0.75817871093,0.0015484932516835255,0.039301679589482136,0.6804193115196501,0.63537597656,0.79357910156,0.00126272880605662,0.03549044919469854,1.01618989439095,0.96886654122,1.0608040654,0.00023288966461652752,0.015241635097816316,Null
0.191871032711025,0.0078125,0.31896972656,0.00265215677788821,0.05143468077030798,0.7212066650351001,0.56799316406,0.85717773437,0.0023536782123650185,0.048454040252945946,0.6900332641560751,0.58410644531,0.80310058593,0.0018434558333284127,0.0428817816064712,1.0190108754888998,0.9514644259,1.18275959849,0.0015523366032906244,0.039350422637913274,Null
0.15597351073864998,-0.08508300781,0.29699707031,0.005306757254693795,0.07275637677590234,0.7407147216764,0.42321777343,0.83764648437,0.010520874270407614,0.10244301872129499,0.6623504638635,0.57580566406,0.96655273437,0.009497076861166714,0.09733105449451268,1.01802534755545,0.9662312481,1.10325878834,0.0005814138259523301,0.02408236473827787,Null
0.11650238036739999,0.07739257812,0.18041992187,0.0011031983541334256,0.03317288588965531,0.729993896480825,0.63403320312,0.83972167968,0.0032649351376391796,0.05706814172368925,0.679093627925825,0.61096191406,0.72900390625,0.0010146135192499479,0.03181315742663439,1.0059719979241,0.93725077177,1.08082268628,0.0010242391547983292,0.03196370687062647,lift up
0.12828216552392502,-0.09155273437,0.29772949218,0.006930404361108286,0.08314492377893863,0.779113159175825,0.62182617187,0.94299316406,0.0036465379225741924,0.060311040264347596,0.640310668941625,0.48425292968,0.80712890625,0.004169660244546883,0.06449213978412809,1.0225557561433498,0.91412605162,1.15370561331,0.0025599802427839855,0.05053296243222859,Null
0.11293151855165,-0.10668945312,0.28479003906,0.007588673829509402,0.08700403522214144,0.8089663696252751,0.59204101562,0.93786621093,0.006884623959351571,0.08286985217467926,0.5934359741175,0.44934082031,0.84497070312,0.009069936761608848,0.09511709583300378,1.020017566498725,0.86932734508,1.19182707436,0.0024314442857940434,0.04924800173691881,Null
0.061704406735275004,-0.29406738281,0.31677246093,0.01580624905522001,0.1255656538731112,0.8060327148399,0.17248535156,1.05322265625,0.0376153371627126,0.19370415282023723,0.20351562499899997,-0.59619140625,1.10571289062,0.29794368013055367,0.5451594454196197,1.02150065936555,0.87122797252,1.20823339207,0.0019298105258041811,0.04387466238604772,Null
0.0019116210944500045,-0.09558105468,0.16687011718,0.00952886488431166,0.09749380863470707,0.922366027827875,0.74035644531,1.05981445312,0.005703587758994971,0.07542763942745048,0.33285125732110005,-0.50793457031,0.67163085937,0.06596119821542679,0.2565078852976809,1.020258607573175,0.90782023736,1.08852679487,0.001627326389188776,0.04028967700560286,lift down
0.05735870361109999,-0.17004394531,0.20678710937,0.005364118343458127,0.07314853414525463,0.7384530639609249,0.57177734375,0.94750976562,0.007268089122407321,0.08514645559036091,0.6844830322227,0.33068847656,0.82397460937,0.009195825790270874,0.09577492482792768,1.0177617495233,0.8351320504,1.17038959458,0.0030621096098962654,0.05526711803479104,Null
0.164681396480525,-0.05310058593,0.33264160156,0.006562914243225072,0.0809104873154093,0.583812255855925,0.35925292968,0.82470703125,0.016423940238780358,0.12799562644162263,0.8092694091765,0.52404785156,1.14575195312,0.028928944696656713,0.16987237072259595,1.0170153995786502,0.68363343259,1.4381982569,0.040440476957019154,0.2008466473820925,stairs up
0.122623291013725,-0.42822265625,0.32385253906,0.03407288612034091,0.18435754366187473,0.4273513793921,-0.50915527343,1.36315917968,0.1488158801956685,0.3852841036108022,0.4756439208965999,-1.16442871093,1.17297363281,0.4436525114519876,0.6652393405184014,1.0056419526313751,0.61253615389,1.49258483969,0.03765614048658322,0.1938091848581144,stairs up
0.22281707763650002,-0.51586914062,0.93017578125,0.16899064409593084,0.41057053898896717,0.294206237792975,-0.34558105468,1.57080078125,0.24005603795334018,0.4893423115350407,-0.5568746948208,-1.185546875,0.26013183593,0.17032132651583493,0.41218384635929795,1.0020819488419,0.59365866611,1.57432768281,0.02011583210363516,0.14165289451111146,stairs up
-0.008277893067000015,-0.76135253906,0.47717285156,0.169006620764209,0.4105899465553175,0.30355834960852496,-0.5751953125,1.24951171875,0.29452972315387105,0.5420271200281277,0.10662414550677507,-0.89379882812,0.89501953125,0.4677446178841302,0.6830631422785304,1.0085335232381,0.59076161999,1.28712443688,0.015436386406934108,0.12408785372032499,stairs up
0.3575634765586,0.12426757812,0.58898925781,0.011197425584066887,0.10568553363685458,0.27462066650032496,-0.07495117187,0.64794921875,0.020831803823503466,0.14415174058590033,0.8953778076134501,0.53063964843,1.40454101562,0.040974895693715596,0.2021693806056726,1.0162814147621502,0.66343121535,1.46276932889,0.04507595930180773,0.2120454418363036,stairs up
0.318536071773525,0.09448242187,0.51159667968,0.009392471350027373,0.09679354405977862,0.38194519042605,0.08776855468,0.7529296875,0.014966421841088224,0.12218431072148954,0.868588256832525,0.54992675781,1.32995605468,0.03688663131282904,0.191818702775686,1.0106786970752,0.66125578419,1.46892930519,0.0415176936237238,0.2035040525141072,stairs up
0.3458908081019251,0.15173339843,0.55419921875,0.007794971358467729,0.08817870451572511,0.2422586059536,0.00134277343,0.58117675781,0.014704570408678076,0.12111073025399682,0.9050717163049,0.583984375,1.27844238281,0.019572946388048178,0.13972835797388464,1.0096097956661751,0.68068710353,1.36920398233,0.020190338218590426,0.141914982905414,stairs up
0.290121154781675,0.04321289062,0.48107910156,0.009226428838597703,0.09593415849686289,0.15238708495817502,-0.11010742187,0.45043945312,0.016361701218637795,0.12775287458836768,0.949106750484725,0.61474609375,1.41381835937,0.03499888814627392,0.18684590154966801,1.016131424781625,0.64776673151,1.45827388699,0.036198706926627626,0.19002160445410163,stairs up
0.25660644530895,0.05773925781,0.46728515625,0.008187908361368547,0.09037388223632492,0.1936581420868,-0.07653808593,0.46447753906,0.012121224496611094,0.10995872605377695,0.9312179565392751,0.59265136718,1.45251464843,0.044425448134336305,0.21050982046926092,0.9947692463274501,0.6437609491,1.53113357918,0.04563821298592383,0.2133638147705909,stairs up
-0.61785461425605,-1.62097167968,0.69677734375,0.3237506257795593,0.5682792000549646,0.36695434569945,0.01806640625,0.90832519531,0.05013627750390266,0.22363125186373864,0.322138366696025,-0.19482421875,1.24841308593,0.13981200692109014,0.37344675243438313,1.05217357069555,0.52270224159,1.76206967142,0.025582339390138892,0.15974474495789695,Null
-0.5089712524390501,-1.31848144531,0.94360351562,0.40890130803589464,0.6386540963352579,0.48667022704745,-0.04187011718,1.19995117187,0.0654489602432702,0.2555099564452666,0.20161254882614998,-0.50207519531,0.71069335937,0.10192449824542564,0.3188568440535848,1.035078560585125,0.44155315891,1.52018723633,0.04009395345866482,0.1999842958209923,Null
-0.06816223144667498,-1.27758789062,0.36950683593,0.3443607942876021,0.5860886386050177,0.6371582031223,-0.47253417968,0.99914550781,0.11470387648097913,0.3382559929842732,0.31679412841635,-0.51147460937,0.73840332031,0.10377524544194137,0.3217387252544159,1.027587213547875,0.48686900567,1.38041647535,0.016511942429276207,0.12833807920178258,Null
0.3215798950158,0.2568359375,0.388671875,0.0007189237562669281,0.026779216696465578,0.8580618286095251,0.76672363281,0.94177246093,0.0011621941255322832,0.03404832800914683,0.45731201171502506,0.33117675781,0.60046386718,0.0025549300930179466,0.050483093880876614,1.0262256711828,1.00045710785,1.04447224292,0.00010089135100169863,0.01003190523401185,Null
0.3644726562462,0.32788085937,0.39025878906,0.00017152009453882215,0.013080187089735188,0.8076184081994,0.7431640625,0.88647460937,0.0007829664628831561,0.02794653908314853,0.5112719726527,0.3876953125,0.60925292968,0.0012253248661630563,0.034960857455126136,1.0240090614129,1.00650277901,1.05875534147,6.681150465839025e-05,0.00816360679459418,Null
0.9578186035121001,0.31665039062,1.27075195312,0.025407043129427223,0.15919649971530045,0.11002563476319999,-0.23962402343,1.30187988281,0.056964698606557,0.2383742579643209,-0.0912719726533,-0.388671875,0.4970703125,0.01438584766855094,0.11979099736365652,1.0133098791265,0.60327888215,1.41300356189,0.007590450953268341,0.08701422197483105,Null
0.9524414062465002,0.92297363281,0.984375,9.784841895417254e-05,0.009879463442251666,0.27302001952689997,0.046875,0.37609863281,0.0009739802833597447,0.031169621952332777,-0.2315454101529,-0.33215332031,-0.11340332031,0.000793441907475062,0.028132868725147357,1.0183863819152001,0.99138814911,1.03693164229,4.7744283512383284e-05,0.006901081277858009,Null
0.9474230956991002,0.92541503906,0.96520996093,4.959473783321564e-05,0.007033544695858028,0.29045776366799997,0.25805664062,0.30920410156,0.00015319267760175907,0.012361621896327142,-0.2362353515589,-0.25305175781,-0.18591308593,0.00014139808809027305,0.011876219637159267,1.018868486681,0.9938694897,1.03116175967,3.379243452917701e-05,0.005805855100056672,Null
0.9094433593713,0.85241699218,0.94616699218,0.001090299431838279,0.03297838205944439,0.3610534667935,0.30139160156,0.48046875,0.003516663099260047,0.05922728629197776,-0.2717663574182,-0.34020996093,-0.22546386718,0.0006841692096364964,0.026123912161320807,1.0181183103802,1.00768571987,1.02947319735,1.6834880791116026e-05,0.004097901119980598,Null
0.843433837887,0.32348632812,0.91284179687,0.016320808219093933,0.12759312755217736,0.4635388183554,0.11791992187,1.11218261718,0.025508169749866305,0.15951300675961078,-0.24542602538689998,-0.43420410156,0.20202636718,0.007555805487802584,0.08681541322877567,1.0169674120205,0.81304300026,1.18660253567,0.0015252264060581229,0.039005298871345385,Null
0.37046142577690006,0.30749511718,0.82836914062,0.011496602855485084,0.10708810087188197,0.9475354003868999,0.57995605468,1.18200683593,0.010153803399579216,0.1006400461599669,-0.0372558593719,-0.06665039062,0.08959960937,0.0008275679178393605,0.028731498360593064,1.0283057358374001,0.85794354777,1.23803131998,0.0014657593127233666,0.038237349730879076,Null
0.4464978027326,-0.39074707031,0.86767578125,0.2624054296520022,0.5116145190256745,0.36082885742020004,-0.52746582031,1.23327636718,0.19824174056562296,0.44468655951603586,-0.22834350586,-0.96057128906,0.16870117187,0.19488471106633046,0.44090531782760867,1.0154972271917,0.72969534418,1.24456361918,0.004367861663809968,0.06600713605096378,Null
